title,v_pub_datetime,category_id
–ø–µ—Ä–µ–∂–∏–ª–∞ —Å–≤–æ–π —è–¥,2024-06-15 22:58:03+03:00,–ú—É–ª—å—Ç—Ñ–∏–ª—å–º—ã
"üéì–ó–Ω–∞–µ—Ç–µ –ª–∏ –í—ã, —á—Ç–æ  ÿü    –ò–Ω—Ç–µ—Ä–µ—Å–Ω—ã–µ —Ñ–∞–∫—Ç—ã ! # 2üéì.mkv",2021-04-18 17:27:42+03:00,–†–∞–∑–≤–ª–µ—á–µ–Ω–∏—è
"–ó–ò–ú–ù–Ø–Ø, –¢–ï–ü–õ–ê–Ø –®–õ–Ø–ü–ê –∫—Ä—é—á–∫–æ–º. –ö–∞–∫ —Å–≤—è–∑–∞—Ç—å –ø–æ–ª—è —à–ª—è–ø—ã. –í–∏–¥–µ–æ –¥–ª—è –Ω–∞—á–∏–Ω–∞—é—â–∏—Ö..mp4",2022-11-17 16:36:43+03:00,–•–æ–±–±–∏
–Ω–∞–π–∫,2010-01-01 00:00:01+03:00,–ñ–∏–≤–æ—Ç–Ω—ã–µ
SHACMAN. –®–∞–∫–º–∞–Ω –∑–∞–º–µ–Ω–∞ –¥–≤—É—Ö—Ä—è–¥–Ω–æ–≥–æ –ø–æ–¥—à–∏–ø–Ω–∏–∫–∞  –∏ –∑–∞–¥–Ω–µ–≥–æ —Å–∞–ª—å–Ω–∏–∫–∞ –ö–ü–ü.,2023-11-29 16:49:46+03:00,–†–∞–∑–Ω–æ–µ
"–ö–∞–∫ –ø—Ä–∞–≤–∏–ª—å–Ω–æ –∑–∞—Ä—è–∂–∞—Ç—å —ç–ª–µ–∫—Ç—Ä–æ—Å–∞–º–æ–∫–∞—Ç, —Å–∫–æ–ª—å–∫–æ –≤—Ä–µ–º–µ–Ω–∏ –∑–∞—Ä—è–∂–∞–µ—Ç—Å—è —ç–ª–µ–∫—Ç—Ä–æ—Å–∞–º–æ–∫–∞—Ç",2023-08-11 12:52:41+03:00,–†–∞–∑–Ω–æ–µ
–°–í–û 02.05 | –í–ö–° –Ω–∞–Ω–µ—Å–ª–∏ —É–¥–∞—Ä –ø–æ –í–ü–ö –£–∫—Ä–∞–∏–Ω—ã | –í–∞–≥–Ω–µ—Ä –ø—Ä–æ–¥–≤–∏–Ω—É–ª—Å—è –≤ –ê—Ä—Ç—ë–º–æ–≤—Å–∫–µ –Ω–∞ 120 –º–µ—Ç—Ä–æ–≤ | –°–¢–ê–í–ö–ê,2023-05-02 09:30:50+03:00,–õ–∞–π—Ñ—Å—Ç–∞–π–ª
–æ–±–∑–æ—Ä –ø—Ä–∏–≤–∞—Ç–∫–∏ —Å—Ç–µ–Ω–¥ —á–∏–ª–æ–≤,2023-12-10 18:01:55+03:00,–†–∞–∑–Ω–æ–µ
"–ü–µ—Ä–µ–¥–∞—á–∞ ""–ü—É—Å—Ç—å –º–µ–Ω—è –Ω–∞—É—á–∞—Ç"" –Ω–∞ –¢–ö ""–ê—Ä—Ö—ã–∑-24"". –ö–∞–∫ —Å—Ç–∞—Ç—å –ø–æ–ª–∏—Ü–µ–π—Å–∫–∏–º",2024-02-19 09:54:20+03:00,–¢–µ–ª–µ–ø–µ—Ä–µ–¥–∞—á–∏
–ê–°–ú–† —É–ª–æ–∂—É —Ç–µ–±—è —Å–ø–∞—Ç—å,2022-07-24 21:00:06+03:00,–†–∞–∑–≤–ª–µ—á–µ–Ω–∏—è
–§–∏–æ—Ä–µ–Ω—Ç–∏–Ω–∞ - –Æ–≤–µ–Ω—Ç—É—Å. –û–±–∑–æ—Ä –º–∞—Ç—á–∞ 21.05.2022,2022-05-21 21:39:29+03:00,–°–ø–æ—Ä—Ç
–ú–æ–∂–Ω–æ –ª–∏ –æ—Å—Ç–∞–≤–ª—è—Ç—å –±–∞—Å—Å–µ–π–Ω –Ω–∞ –∑–∏–º—É –∏–ª–∏ –ù–ï–¢? –ö–∞—Ä–∫–∞—Å–Ω—ã–π –ë–∞—Å—Å–µ–π–Ω INTEX. 3–π –≥–æ–¥ –æ–ø—ã—Ç–∞,2023-08-30 23:08:56+03:00,–†–∞–∑–Ω–æ–µ
–ê–ø–∞—Ä—Ç–∞–º–µ–Ω—Ç—ã –í–æ—Ä–æ–Ω–∞ –∏ –ª–∏—Å–∞ –≥. –î–∑–µ—Ä–∂–∏–Ω—Å–∫–∏–π —É–ª. –ë–æ–Ω–¥–∞—Ä–µ–≤–∞ 1,2023-02-15 11:43:50+03:00,–ù–µ–¥–≤–∏–∂–∏–º–æ—Å—Ç—å
–°–∞–Ω—Ç–∞-–ë–∞—Ä–±–∞—Ä–∞ (–∑–∞—Å—Ç–∞–≤–∫–∞),2024-08-06 17:41:02+03:00,–°–µ—Ä–∏–∞–ª—ã
‚úàÔ∏è –ò–°–¢–û–†–ò–Ø –≤ –°–∞–º–æ–ª—ë—Ç–µ! –°–µ–∫—Ä–µ—Ç–Ω–∞—è –ö–û–ù–¶–û–í–ö–ê –õ–ê–ì–ï–†–¨ Airplane 3! –ö–û–¢–Å–ù–û–ö –õ–ê–ô–ö –∏ –ü–ê–ü–ê —Å–ø–∞—Å–∞—é—Ç –°–ê–ú–û–õ–ï–¢!,2020-03-19 11:23:24+03:00,–î–µ—Ç—è–º
–ë—Ä–∞—Ç—å—è –•—É–±–∏–µ–≤—ã - –ó–≤–µ–Ω–∏—Ç –∑–≤–æ–Ω–æ–∫ | –ü—Ä–µ–º—å–µ—Ä–∞ —Ç—Ä–µ–∫–∞ 2019,2019-09-12 11:59:19+03:00,–ú—É–∑—ã–∫–∞
Andrey Kravtsov - But I Love It,2023-03-27 07:44:44+03:00,–ú—É–∑—ã–∫–∞
–ï—Å–ª–∏ —Å–∫–æ—Ä–∞—è –ø–æ–º–æ—â—å —Å—Ç–∞–Ω–µ—Ç –ø–ª–∞—Ç–Ω–æ–π,2024-04-11 09:55:33+03:00,–Æ–º–æ—Ä
–ë–µ–∑—É–º–Ω–∞—è –ª—é–±–æ–≤—å 1 —Å–µ–∑–æ–Ω 2 —Å–µ—Ä–∏—è,2024-04-03 09:01:39+03:00,–°–µ—Ä–∏–∞–ª—ã
–ö–∞–∫ —Å–¥–µ–ª–∞—Ç—å –¶—ã–ø–ª–µ–Ω–∫–∞ –∏–∑ –Ω–∏—Ç–æ–∫. –ü–æ–¥–µ–ª–∫–∏ —Å–≤–æ–∏–º–∏ —Ä—É–∫–∞–º–∏,2022-04-29 16:09:32+03:00,–•–æ–±–±–∏
–ù–∏–¥–µ—Ä–ª–∞–Ω–¥—ã - –ò—Ä–ª–∞–Ω–¥–∏—è. –û–±–∑–æ—Ä –æ—Ç–±–æ—Ä–æ—á–Ω–æ–≥–æ –º–∞—Ç—á–∞ –ß–µ–º–ø–∏–æ–Ω–∞—Ç–∞ –ï–≤—Ä–æ–ø—ã-2024 18.11.2023,2023-11-19 01:33:50+03:00,–õ–∞–π—Ñ—Å—Ç–∞–π–ª
"–ö–ê–ö –°–ù–ò–ú–ê–õ–ò: skibidi toilet 1 - 49, 50, 51, 52, 53 - 57, 58 - 62 –û–õ–ï–ñ–≠ @olezhe –†–ï–ê–ö–¶–ò–Ø",2023-12-22 11:55:42+03:00,–†–∞–∑–Ω–æ–µ
–ë–µ—Å–ø–ª–∞—Ç–Ω—ã–µ –∑–∞—è–≤–∫–∏ –Ω–∞ —Ä–∞—Å—á–µ—Ç –û–°–ê–ì–û –æ—Ç –∫–ª–∏–µ–Ω—Ç–æ–≤ –ù–≠–ü. –ò–Ω—Å—Ç—Ä—É–∫—Ü–∏—è: –∫–∞–∫ –ø–æ–ª—É—á–∞—Ç—å –∑–∞—è–≤–∫–∏ –Ω–∞ —Å—Ç—Ä–∞—Ö–æ–≤–∞–Ω–∏–µ.,2023-07-21 19:58:50+03:00,–†–∞–∑–Ω–æ–µ
8 –º–∞—Ä—Ç–∞ —Å—Ä,2013-03-27 15:15:18+03:00,–•–æ–±–±–∏
–ó–∞–º–µ–Ω–∞ –Ω–∞—Ç—è–∂–Ω–æ–≥–æ —Ä–æ–ª–∏–∫–∞ –ø–æ–ª–∏–∫–ª–∏–Ω–æ–≤–æ–≥–æ —Ä–µ–º–Ω—è [–í–ò–î–ï–û–£–†–û–ö AUTODOC],2023-09-15 09:50:57+03:00,–†–∞–∑–Ω–æ–µ
–ú–£–ñ–ò–ö –Ω–∞ –ö700 –ø–æ—Å–ø–æ—Ä–∏–ª —Å –í–ù–ï–î–û–†–û–ñ–ù–ò–ö–ê–ú–ò –∏ –£–ê–ó –ï–†–ú–ê–ö ! –≠–ö–°–¢–†–ï–ú–ê–õ–¨–ù–´–ô OFFROAD,2022-12-29 14:00:24+03:00,–ê–≤—Ç–æ-–º–æ—Ç–æ
–û–¥–Ω–∞–∂–¥—ã –≤ —Å–∫–∞–∑–∫–µ / Once Upon a Time ‚Äì 4 —Å–µ–∑–æ–Ω 14 —Å–µ—Ä–∏—è,2023-10-14 18:42:53+03:00,–°–µ—Ä–∏–∞–ª—ã
15.000.000 –ü–û–î–ü–ò–°–ß–ò–ö–û–í! –°–¢–†–ò–ú –≠–î–ò–°–û–ù–ê,2023-06-18 07:34:33+03:00,–†–∞–∑–≤–ª–µ—á–µ–Ω–∏—è
–†–∞–∑–ª—É–∫–∞ –û—Ä—Ö–∏–¥–µ–∏ –∏ –ü–æ–≤–µ–ª–∏—Ç–µ–ª—è –¥–µ–º–æ–Ω–æ–≤- 1 —Å–µ–∑–æ–Ω 12 —Å–µ—Ä–∏—è / Love Between Fairy and Devil / Cang Lan Jue,2024-02-26 23:01:39+03:00,–°–µ—Ä–∏–∞–ª—ã
–†–∏–∫ –∏ –ú–æ—Ä—Ç–∏ / Rick and Morty ‚Äì 2 —Å–µ–∑–æ–Ω 8 —Å–µ—Ä–∏—è,2024-01-20 16:34:40+03:00,–°–µ—Ä–∏–∞–ª—ã
–û—Ç—á–µ–≥–æ —É –∫–∞–±–∞—á–∫–æ–≤ –±—ã–≤–∞–µ—Ç –º–Ω–æ–≥–æ –ø—É—Å—Ç–æ—Ü–≤–µ—Ç–∞ –∏ –º–∞–ª–æ –ø–ª–æ–¥–æ–≤.,2021-08-16 17:11:03+03:00,–°–∞–¥ –∏ –æ–≥–æ—Ä–æ–¥
–ë–æ–µ–≤–æ–π —Ä–æ–±–æ—Ç –Ω–æ–º–µ—Ä 4 ‚Äî –†—É—Å—Å–∫–∏–π —Ç—Ä–µ–π–ª–µ—Ä (2021),2010-01-01 00:00:01+03:00,–§–∏–ª—å–º—ã
–ê–Ω–Ω–∞ –î–∂–µ–π–Ω ‚Äì –í–ª—é–±–ª–µ–Ω–Ω–∞—è –≤–µ–¥—å–º–∞. [–ê—É–¥–∏–æ–∫–Ω–∏–≥–∞],2024-05-02 07:37:14+03:00,–†–∞–∑–≤–ª–µ—á–µ–Ω–∏—è
–û—Ç—Ä–∏—Å–æ–≤–∫–∞ —ç—Å–∫–∏–∑–∞ –¥–ª—è –±—Ä–æ–≤–µ–π —Å –ø–æ–º–æ—â—å—é –±—Ä–æ—É –ø–∞—Å—Ç—ã,2023-11-08 15:02:00+03:00,–†–∞–∑–Ω–æ–µ
Mu Online Blood Castle Summoner Bug,2010-01-01 00:00:01+03:00,–í–∏–¥–µ–æ–∏–≥—Ä—ã
"–Æ–≤–∞–ª—å –ù–æ–π –•–∞—Ä–∞—Ä–∏: –Ω–µ —Ç–æ—Ç –ù–æ–π, –∏–ª–∏ —Ç–æ–ª–∫–æ–≤–∞—Ç–µ–ª—å –≥–ª–æ–±–∞–ª–∏—Å—Ç—Å–∫–∏—Ö —Å–Ω–æ–≤–∏–¥–µ–Ω–∏–π. –ö—É–∫–ª—ã –Ω–∞—Å–ª–µ–¥–Ω–∏–∫–∞ –¢—É—Ç—Ç–∏. –í...",2024-01-17 08:04:15+03:00,–¢–µ–ª–µ–ø–µ—Ä–µ–¥–∞—á–∏
FRIDAY_Lubov_na_vijivanie_35s_GN_Skoro_15-01-2020_24-01-2020,2010-01-01 00:00:01+03:00,–†–∞–∑–Ω–æ–µ
–°–∞–º—ã–µ –¥—Ä–µ–≤–Ω–∏–µ –≥–æ—Ä–æ–¥–∞ –º–∏—Ä–∞ | 10 —Å–∞–º—ã—Ö —Å—Ç–∞—Ä—ã—Ö –≥–æ—Ä–æ–¥–æ–≤ –º–∏—Ä–∞,2023-07-10 09:30:09+03:00,–†–∞–∑–Ω–æ–µ
–£–¥–∞–ª–∏—Ç—å –∫–∞—Ç–∞–ª–∏–∑–∞—Ç–æ—Ä Mitsubishi Mirage CJ1A 4G13 / Remove the Mitsubishi Mirage CJ1A 4G13 catalyst,2010-01-01 00:00:01+03:00,–ê–≤—Ç–æ-–º–æ—Ç–æ
–°—É–º–∞–º–µ–¥ –¥–∞–π—ã–Ω–¥–∞—É ”ô–¥—ñ—Å—ñ‚òùÔ∏è –ú–µ–Ω–¥–µ–≥—ñ —Å—É–º–∞–º–µ–¥ 100–º–≥/5–º–ª üìå 20 –º–ª,2023-09-10 13:06:59+03:00,–†–∞–∑–Ω–æ–µ
–°—Ç—ë–ø–∞ –∏ –ö–∞—Ç—è! –û–¥—ç–ª –æ –ë–æ—è—Ä –æ –ö–∞—Ä–∫–∞—á—ë –∫–∞–π –æ –°—Ç—ë–ø–∞ –æ –•–æ—Ä–æ—à!!!! –ü—ç—Ä—ç–∑–≤–∞.,2024-07-13 00:12:23+03:00,–†–∞–∑–≤–ª–µ—á–µ–Ω–∏—è
–û—Ç—á–∞—è–Ω–Ω—ã–µ –î–æ–º–æ—Ö–æ–∑—è–π–∫–∏ 1 —Å–µ–∑–æ–Ω 18 —Å–µ—Ä–∏—è,2024-01-22 11:36:43+03:00,–°–µ—Ä–∏–∞–ª—ã
–ò–∑–æ–±—Ä–µ—Ç–µ–Ω–∏–µ —Ü–∏–≤–∏–ª–∏–∑–∞—Ü–∏–∏ –∏ –Ω–∞—á–∞–ª–æ –∏—Å—Ç–æ—Ä–∏—á–µ—Å–∫–æ–≥–æ –≤—Ä–µ–º–µ–Ω–∏,2022-03-10 19:08:49+03:00,–ù–∞—É–∫–∞
–ù–∏—á–µ–≥–æ –Ω–µ –±—ã–ª–æ,2010-01-01 00:00:01+03:00,–¢–µ–ª–µ–ø–µ—Ä–µ–¥–∞—á–∏
"–ú–∏—à–∫–∏-–±—Ä–∞—Ç–∏—à–∫–∏. –û—Å–∫–æ–ª–∫–∏ –∫—Ä–∏—Å—Ç–∞–ª–ª–∞, 24 —Å–µ—Ä–∏—è. –ë–µ–∑ —Å–Ω–∞",2023-12-15 14:19:52+03:00,–ú—É–ª—å—Ç—Ñ–∏–ª—å–º—ã
¬´–ú—É—Å—Ç–∞–π –ö–∞—Ä–∏–º¬ª: –º–∏–Ω–∏-—ç–∫—Å–∫—É—Ä—Å–∏—è –ø–æ —Ñ–ª–∞–≥–º–∞–Ω—Å–∫–æ–º—É —Ç–µ–ø–ª–æ—Ö–æ–¥—É –∫–æ–º–ø–∞–Ω–∏–∏ ¬´–í–æ–¥–æ—Ö–æ–¥–™¬ª,2023-04-13 12:09:04+03:00,–ü—É—Ç–µ—à–µ—Å—Ç–≤–∏—è
VID_20240310_164112.mp4,2024-03-10 17:04:47+03:00,–õ–∞–π—Ñ—Å—Ç–∞–π–ª
Ford Kuga –∑–∞–º–µ–Ω–∞ –ø—Ä–æ–∫–ª–∞–¥–∫–∏ –∫–ª–∞–ø–∞–Ω–Ω–æ–π –∫—Ä—ã—à–∫–∏,2023-12-19 16:07:33+03:00,–†–∞–∑–Ω–æ–µ
"–†–µ–º–æ–Ω—Ç –∫–≤–∞—Ä—Ç–∏—Ä—ã –ê–Ω–¥—Ä–µ–π, –ê–ª–µ–∫—Å–µ–π",2010-01-01 00:00:01+03:00,–¢–µ—Ö–Ω–æ–ª–æ–≥–∏–∏ –∏ –∏–Ω—Ç–µ—Ä–Ω–µ—Ç
–∫–∞–∫ —Å–ª–æ–∂–∏—Ç—å –¥—É—à —Ç—É–∞–ª–µ—Ç –ø–∞–ª–∞—Ç–∫—É.,2022-05-28 20:07:59+03:00,–õ–∞–π—Ñ—Ö–∞–∫–∏
ALL 16 ALCHEMIST Gloveüß™ Recipes (GUIDE SHEET!) - Slap Battles Roblox,2023-11-20 13:52:08+03:00,–†–∞–∑–Ω–æ–µ
–ü–£–¢–¨ –° 0 –î–û 40–ö –ö–£–ë–ö–û–í –ó–ê 20 –ú–ò–ù–£–¢! –ú–ò–†–û–í–û–ô –†–ï–ö–û–†–î! –°–ê–ú–û–ï –ë–´–°–¢–†–û–ï –ü–†–û–•–û–ñ–î–ï–ù–ò–ï –ë–†–ê–í–õ –°–¢–ê–†–° / –°–ü–ò–î–†–ê–ù,2021-07-27 18:01:34+03:00,–í–∏–¥–µ–æ–∏–≥—Ä—ã
–§–ò–õ–¨–ú ‚Ññ314-1,2018-01-27 07:52:04+03:00,–¢–µ–ª–µ–ø–µ—Ä–µ–¥–∞—á–∏
Isis Hotel & Spa 5*: nomera,2010-01-01 00:00:01+03:00,–°–ø–æ—Ä—Ç
–ö–∞–∫ –∞–∫—Ç–∏–≤–∏—Ä–æ–≤–∞—Ç—å —Å—É—Ö–æ–∑–∞—Ä—è–∂–µ–Ω–Ω—ã–π –º–æ—Ç–æ –∞–∫–∫—É–º—É–ª—è—Ç–æ—Ä,2024-01-04 08:53:06+03:00,–†–∞–∑–Ω–æ–µ
–ü—Ä–µ–º—å–µ—Ä–∞. –í–ª–∞–¥–∏–º–∏—Ä –ú–∞—à–∫–æ–≤ ‚Äî –≤ –º–Ω–æ–≥–æ—Å–µ—Ä–∏–π–Ω–æ–π –¥—Ä–∞–º–µ ¬´–ú–µ–¥–Ω–æ–µ —Å–æ–ª–Ω—Ü–µ¬ª ‚Äî 26 –∏ 27 –Ω–æ—è–±—Ä—è –Ω–∞ –ù–¢–í,2018-11-20 12:30:58+03:00,–°–µ—Ä–∏–∞–ª—ã
–†–∏—Å—É–µ–º —Ü–≤–µ—Ç—ã —Å–∞–∫—É—Ä—ã –∞–∫—Ä–∏–ª–æ–º #shorts #short  #art #–∂–∏–≤–æ–ø–∏—Å—å #—É—Ä–æ–∫–∏—Ä–∏—Å–æ–≤–∞–Ω–∏—è,2023-03-21 15:05:30+03:00,–ö—É–ª—å—Ç—É—Ä–∞
–ë–µ–≤–µ—Ä–ª–∏-–•–∏–ª–ª–∑ 90210: –ù–æ–≤–æ–µ –ø–æ–∫–æ–ª–µ–Ω–∏–µ ‚Äì 2 —Å–µ–∑–æ–Ω 21 —Å–µ—Ä–∏—è ¬´–•–∞–≤—å–µ—Ä + –ê–¥—Ä–∏–∞–Ω–Ω–∞¬ª,2024-06-23 20:31:25+03:00,–°–µ—Ä–∏–∞–ª—ã
"–ö–∞—Ç–µ—Ä –ë–∞—Ä–∫–∞—Å–∏–∫: 8 –º–µ—Ç—Ä–æ–≤ —Å –∫–∞—é—Ç–æ–π –∑–∞ 600 —Ç—ã—Å—è—á. –û—Ç–ª–∏—á–Ω–∞—è –º–æ—Ä–µ—Ö–æ–¥–Ω–æ—Å—Ç—å, –∫–æ–º–ø–æ–∑–∏—Ç—ã –∏ —Ö–æ—Ä–æ—à–∏–π —Ö–æ–¥.",2023-08-01 14:25:53+03:00,–†–∞–∑–Ω–æ–µ
La vie de famille 1x17 patlefourbe,2010-01-01 00:00:01+03:00,–°–µ—Ä–∏–∞–ª—ã
–ú–∞–π–Ω 18,2024-05-30 16:28:02+03:00,–í–∏–¥–µ–æ–∏–≥—Ä—ã
–≤–∏–¥–µ–æ –¥–ª—è —Ç–∏–ø–∏—Ä–æ–≤–∞–Ω–∏—è,2010-01-01 00:00:01+03:00,–†–∞–∑–Ω–æ–µ
–°–æ–∫—Ä–æ–≤–∏—â–∞ –í–æ—Å—Ç–æ–∫–∞ –æ—Ç Faberlic,2023-10-14 17:33:20+03:00,–û–±–∑–æ—Ä—ã –∏ —Ä–∞—Å–ø–∞–∫–æ–≤–∫–∏ —Ç–æ–≤–∞—Ä–æ–≤
–ú–µ–≥ 2  –ë–µ–∑–¥–Ω–∞ _ —ç–∫—Å–ø–µ—Ä—Ç —É–¥–∞—á–∏ ( –û–ö–ò–ù–û ),2023-09-15 20:29:31+03:00,–§–∏–ª—å–º—ã
üé∂–û—Ä–∫–µ—Å—Ç—Ä—É  ¬´–í–∞–≥–Ω–µ—Ä¬ª –Ω—É–∂–Ω—ã –º—É–∑—ã–∫–∞–Ω—Ç—ã (wwwboxer - –í–û–ò–ù),2023-01-21 13:06:48+03:00,–ú—É–∑—ã–∫–∞
–ü—Ä–∏–∫–æ–ª—ã –ø—Ä–æ —Ç—Ä–∞–∫—Ç–æ—Ä–∞!!! –ü—Ä–∏–∫–æ–ª—ã!!! –¢—Ä–∞–∫—Ç–æ—Ä–∏—Å—Ç—ã!!! –ê–≤—Ç–æ –ø—Ä–∏–∫–æ–ª—ã.,2023-12-02 16:19:11+03:00,–Æ–º–æ—Ä
–°–†–ê–í–ù–ï–ù–ò–ï –í–°–ï–• –û–ü–ê–°–ù–´–• SCP –ò –ú–û–ù–°–¢–†–û–í –í –ì–¢–ê 5 –ú–û–î–´! –≠–ö–°–ü–ï–†–ò–ú–ï–ù–¢ –û–ë–ó–û–† –ú–û–î–ê GTA 5! –ì–¢–ê MODS –ò–ì–†–´,2022-04-05 17:10:08+03:00,–í–∏–¥–µ–æ–∏–≥—Ä—ã
INSTASAMKA  - JUICY / Girl dancing twerk dance,2024-01-14 06:09:21+03:00,–†–∞–∑–Ω–æ–µ
USB –∑–¥–µ—Å—å.mp4,2022-09-18 10:36:55+03:00,–Æ–º–æ—Ä
–ü–†–ò–ö–õ–Æ–ß–ï–ù–ò–Ø –ü–ê–î–î–ò–ù–ì–¢–û–ù–ê-3üí•–ü–∞–¥–¥–∏–Ω–≥—Ç–æ–Ω –∏ —Å–µ–º–µ–π—Å—Ç–≤–æ –ë—Ä–∞—É–Ω–æ–≤ –æ—Ç–ø—Ä–∞–≤–ª—è—é—Ç—Å—è –Ω–∞ —Ä–æ–¥–∏–Ω—É –º–µ–¥–≤–µ–∂–æ–Ω–∫–∞,2024-06-17 03:00:06+03:00,–§–∏–ª—å–º—ã
–¢–æ–ø 15 –ê–Ω–∏–º–µ –ø—Ä–æ –ü–û–ü–ê–î–ê–ù–¶–ï–í –≤ –î—Ä—É–≥–æ–π –ú–∏—Ä –ö–æ—Ç–æ—Ä—ã–µ –°—Ç–æ–∏—Ç –ü–æ—Å–º–æ—Ç—Ä–µ—Ç—å!,2024-01-27 13:30:34+03:00,–†–∞–∑–≤–ª–µ—á–µ–Ω–∏—è
–ö–ê–ö –ó–ê–ë–ò–¢–¨ –†–ê–ë–û–ù–û–ô –§–ò–§–ê 23 ‚òÖ –†–ê–ë–û–ù–ê FIFA 23 RABONA ‚òÖ –¢–£–¢–û–†–ò–ê–õ –ü–û –†–ê–ë–û–ù–ï ‚òÖ –ì–ê–ô–î –ö–ê–ö –î–ï–õ–ê–¢–¨ –†–ê–ë–û–ù–£,2023-10-28 17:02:14+03:00,–†–∞–∑–Ω–æ–µ
–°–µ—Ä–∏–∞–ª –ï—Å–ª–∏ –Ω–∞—Å—Ç—É–ø–∏—Ç –∑–∞–≤—Ç—Ä–∞ ‚Äì 1 —Å–µ–∑–æ–Ω 3 —Å–µ—Ä–∏—è / If Tomorrow Comes,2024-03-16 14:30:20+03:00,–°–µ—Ä–∏–∞–ª—ã
–°–º–æ—Ç—Ä–∏ —Å–µ–≥–æ–¥–Ω—è,2010-01-01 00:00:01+03:00,–¢–µ–ª–µ–ø–µ—Ä–µ–¥–∞—á–∏
Cool Kids - –°–¢–ï–ö–õ–û –ò –ü–ï–ù–û–ü–õ–ê–°–¢ (Official music video),2024-01-22 07:39:25+03:00,–†–∞–∑–≤–ª–µ—á–µ–Ω–∏—è
–ë—É—Ä—ã–π –º–µ–¥–≤–µ–∂–æ–Ω–æ–∫ –∑–Ω–∞–∫–æ–º–∏—Ç—Å—è —Å –º–æ—Ä–µ–º. 33 —Å–µ—Ä–∏—è,2010-01-01 00:00:01+03:00,–î–µ—Ç—è–º
–ë–ª–µ–Ω–¥–µ—Ä –Ω–∞—Å—Ç–æ–ª—å–Ω—ã–π Centek CT 1329,2023-08-19 18:37:11+03:00,–†–∞–∑–Ω–æ–µ
–ì–∞—Ä–∏–∫ –•–∞—Ä–ª–∞–º–æ–≤ –∏ –ú–∞—Ä–∏–Ω–∞ –§–µ–¥—É–Ω–∫–∏–≤ - 7 –º–∞—Ä—Ç–∞,2019-03-18 12:16:11+03:00,–Æ–º–æ—Ä
"—Å–∞–º–∞—è, —Å–∞–º–∞—è.flv",2010-01-01 00:00:01+03:00,–Æ–º–æ—Ä
–ò—Å—Ü–µ–ª–µ–Ω–∏–µ –æ—Ç –¥–∏–∞–±–µ—Ç–∞. –°–∫—Ä—ã—Ç—ã–µ –∞—Ñ—Ñ–∏—Ä–º–∞—Ü–∏–∏. –ë–∏–Ω–∞—É—Ä–∞–ª—å–Ω—ã–µ —Ä–∏—Ç–º—ã.,2023-11-03 09:07:59+03:00,–†–∞–∑–Ω–æ–µ
"–ê—É–≥—Å–±—É—Ä–≥ - –õ–∏–≤–µ—Ä–ø—É–ª—å, –§–∏—Ä–º–∏–Ω–æ, –û–ø–∞—Å–Ω—ã–π –º–æ–º–µ–Ω—Ç",2010-01-01 00:00:01+03:00,–°–ø–æ—Ä—Ç
–ì–ª—É–ø—ã–π –ø—Ä–µ—Å—Ç—É–ø–Ω–∏–∫!,2024-08-02 21:21:24+03:00,–†–∞–∑–≤–ª–µ—á–µ–Ω–∏—è
–°–∞–º—ã–∏ÃÜ –æ–ø–∞—Å–Ω—ã–∏ÃÜ –∑–∞–∫–ª—é—á–µ–Ω–Ω—ã–∏ÃÜ –≤ –∏—Å—Ç–æ—Ä–∏–∏. –ö—Ç–æ –æ–Ω –∏ –ø–æ—á–µ–º—É –µ–≥–æ –±–æ—è–ª–∏—Å—å?,2023-11-04 12:31:31+03:00,–†–∞–∑–Ω–æ–µ
–ë–∞—Ä–∞–Ω–æ–≤—Å–∫–∞—è –≤ –∫–æ—Å—Ç—é–º–µ —Å –º–µ—Ö–æ–º –ø–æ—è–≤–∏–ª–∞—Å—å –Ω–∞ –≤—ã—Å—Ç–∞–≤–∫–µ —Å–æ–≤—Ä–µ–º–µ–Ω–Ω–æ–≥–æ –∏—Å–∫—É—Å—Å—Ç–≤–∞,2024-04-02 23:00:05+03:00,–†–∞–∑–Ω–æ–µ
–ê. –ë–ª–æ–∫ - –í–æ—Ä–æ–Ω–∞. –ß–∏—Ç–∞–µ—Ç –û–ª—å–≥–∞ –ü–µ—Ç—É—Ö–æ–≤–∞,2022-11-02 12:09:48+03:00,–î–µ—Ç—è–º
–ü—Ä–æ—Å—Ç–æ–µ –ø–µ—á–µ–Ω—å–µ —Ä–µ—Ü–µ–ø—Ç –ö–∞–∫ –ø—Ä–∏–≥–æ—Ç–æ–≤–∏—Ç—å –ø–µ—á–µ–Ω—å–µ –¢–µ—Å—Ç–æ –¥–ª—è –ø–µ—á–µ–Ω—å—è –ü—Ä–æ—Å—Ç–µ –ø–µ—á–∏–≤–æ —Ä–µ—Ü–µ–ø—Ç –ø—Ä–∏–≥–æ—Ç—É–≤–∞–Ω–Ω—è,2010-01-01 00:00:01+03:00,–û–±—É—á–µ–Ω–∏–µ
"–°–∫–∞–Ω–¥–∞–ª—ã –Ω–µ–¥–µ–ª–∏. –í—Å–µ–º –≤—ã–π—Ç–∏ –∏–∑ —Å—É–º—Ä–∞–∫–∞. –õ—é–±–ª—é, –Ω–µ –ª—é–±–ª—é. –í—ã–ø—É—Å–∫ 861 —á–∞—Å—Ç—å 2 (13.10.18).–í–æ–µ–Ω–Ω–∞—è —Ç–∞–π–Ω–∞",2021-03-16 19:30:11+03:00,–¢–µ–ª–µ–ø–µ—Ä–µ–¥–∞—á–∏
–¢—Ä–∏–º–º–µ—Ä –∏–∑ –±–æ–ª–≥–∞—Ä–∫–∏,2021-07-27 18:42:05+03:00,–°–∞–¥ –∏ –æ–≥–æ—Ä–æ–¥
–¢—Ä–µ–π–ª–µ—Ä —Ñ–∏–ª—å–º–∞ ¬´–î—ç–¥–ø—É–ª–∞ –∏ –†–æ—Å–æ–º–∞—Ö–∏¬ª ‚Äî –†–∞–π–∞–Ω –†–µ–π–Ω–æ–ª—å–¥—Å –∏ –•—å—é –î–∂–µ–∫–º–∞–Ω –≤–µ—Ä–Ω—É—Ç—Å—è –∫ —Å–≤–æ–∏–º —Ä–æ–ª—è–º.,2024-02-12 09:58:31+03:00,–§–∏–ª—å–º—ã
–ü–û–î–†–£–ñ–ö–ò –ü–û–ö–ê–ó–ê–õ–ò –ö–ê–ö –°–î–ï–õ–ê–¢–¨ –ö–†–ê–ú–ü–ï–¢–ê –≤ –¢–û–ö–ê –ë–û–ö–ê! üôà,2022-03-19 15:00:36+03:00,–í–∏–¥–µ–æ–∏–≥—Ä—ã
–ß–µ–ª–ª–µ–Ω–∂ –º–∏–Ω–∏ –µ–¥–∞ –ø—Ä–æ—Ç–∏–≤ 16 –∞–Ω—Ç–∏—Å—Ç—Ä–µ—Å—Å–æ–≤ –¥–ª—è –º–µ–¥–≤–µ–¥—è –í–∞–ª–µ—Ä—ã,2023-09-17 08:30:07+03:00,–î–µ—Ç—è–º
—Ñ–∏–ª—å–º –í–µ—Å–µ–ª—ã–π –ø–µ—Å! 08.10.2023 –≥..mp4,2023-10-17 18:17:58+03:00,–ñ–∏–≤–æ—Ç–Ω—ã–µ
"–¢—Ä–µ–π–ª–µ—Ä –§–∏–ª—å–º–∞ ""–ö–∞–ø–∫–∞–Ω"" 2023 –≥–æ–¥",2023-06-21 19:21:38+03:00,–§–∏–ª—å–º—ã
"–û–±–∑–æ—Ä –º–∞—Ç—á–µ–π —á–µ–º–ø–∏–æ–Ω–∞—Ç–∞ –ò—Å–ø–∞–Ω–∏–∏ –æ—Ç 02.05.16, –û–±–∑–æ—Ä –º–∞—Ç—á–∞, –ë–µ—Ç–∏—Å - –ë–∞—Ä—Å–µ–ª–æ–Ω–∞",2010-01-01 00:00:01+03:00,–°–ø–æ—Ä—Ç
–ü–∞—Ä–µ–Ω—å –ü–û–í–ï–õ–°–Ø –Ω–∞ –î–ï–ù–¨–ì–ò –∏ –ê–£–î–ò –¢–¢. –ü—Ä–æ–¥–∞–∂–Ω—ã–π –ê–õ–¨–§–û–ù–°! / Vika Trap PRANK,2021-04-26 08:59:04+03:00,–†–∞–∑–≤–ª–µ—á–µ–Ω–∏—è
–•–ª–æ—Ä–æ—Ñ–∏—Ç—É–º —Ö–æ—Ö–ª–∞—Ç—ã–π / –£—Ö–æ–¥ –∑–∞ —Ö–ª–æ—Ä–æ—Ñ–∏—Ç—É–º–æ–º –≤ –¥–æ–º–∞—à–Ω–∏—Ö —É—Å–ª–æ–≤–∏—è—Ö,2023-08-22 09:58:15+03:00,–†–∞–∑–Ω–æ–µ
LOL Surprise! WORLD TRAVEL,2024-04-15 10:14:32+03:00,–î–µ—Ç—è–º
–í—ã–∂–∏—Ç—å –≤ –î—É–±–∞–µ. –í–æ–∑–≤—Ä–∞—â–µ–Ω–∏–µ - 3 –≤—ã–ø—É—Å–∫ / –°–º–æ—Ç—Ä–µ—Ç—å –æ–Ω–ª–∞–π–Ω,2024-06-27 20:27:53+03:00,–†–∞–∑–Ω–æ–µ
–ü—Å–∞–ª–æ–º 50  –•–æ—Ä –°—Ä–µ—Ç–µ–Ω—Å–∫–æ–≥–æ –º–æ–Ω–∞—Å—Ç—ã—Ä—è,2023-12-28 00:29:18+03:00,–†–∞–∑–Ω–æ–µ
–ê—Ä—Ç–∏–∫—É–ª—è—Ü–∏–æ–Ω–Ω–æ–µ —É–ø—Ä–∞–∂–Ω–µ–Ω–∏–µ ¬´–ò–≥–æ–ª–æ—á–∫–∞¬ª.,2022-04-17 23:20:23+03:00,–ó–¥–æ—Ä–æ–≤—å–µ
"–ö—Ç–æ —Ç–∞–∫–∞—è –ö–û–õ–õ–ò–ó–ò–Ø, –∫–∞–∫ –≤—ã—Ä–∞—Å—Ç–∏—Ç—å –®–ê–†–´, –∏ —Ä–∞–∑–º–Ω–æ–∂–∏—Ç—å —á–µ—Ä–µ–Ω–∫–æ–º.",2023-08-25 10:13:16+03:00,–†–∞–∑–Ω–æ–µ
THE NEMAGIA - –í–ª–∞—Å—Ç—å,2010-01-01 00:00:01+03:00,–°–ø–æ—Ä—Ç
"–§–ò–î–ï–†/–õ–û–í–õ–Ø –¢–†–û–§–ï–ô–ù–û–ô –†–´–ë–´ –ù–ê –ö–£–ô–ë–´–®–ï–í–°–ö–û–ú –í–û–î–û–•–†–ê–ù–ò–õ–ò–©–ï/–ö–ê–†–ê–°–¨, –°–ê–ó–ê–ù, –õ–ï–©/–¢–û–õ–¨–Ø–¢–¢–ò, –°–ê–ú–ê–†–°–ö–ê–Ø –û–ë–õ.",2024-07-31 17:02:08+03:00,–û—Ö–æ—Ç–∞ –∏ —Ä—ã–±–∞–ª–∫–∞
–ú–Ω–æ–≥–æ–≤–∞—Ä–∏–∞–Ω—Ç–Ω–æ—Å—Ç—å –æ–±—â–µ—Å—Ç–≤–µ–Ω–Ω–æ–≥–æ —Ä–∞–∑–≤–∏—Ç–∏—è (—Ç–∏–ø—ã –æ–±—â–µ—Å—Ç–≤) | –û–±—â–µ—Å—Ç–≤–æ–∑–Ω–∞–Ω–∏–µ –ï–ì–≠ 2024 | –°—Ç–æ—Ä—É–º,2023-09-03 14:22:35+03:00,–†–∞–∑–Ω–æ–µ
–ê—Å—Ç—Ä–æ–Ω–æ–º–∏—á–µ—Å–∫–æ–µ —Ä–µ–ª–µ REV 225/ –∫—Ä–∞—Ç–∫–æ–µ —Ä—É–∫–æ–≤–æ–¥—Å—Ç–≤–æ –∫ –Ω–∞—Å—Ç—Ä–æ–π–∫–µ.,2023-08-09 12:14:44+03:00,–†–∞–∑–Ω–æ–µ
–®–∞—Ä–∏–∫–∏ –∫–∞—Ç–∞—é—Ç—Å—è –ø–æ –ª–∞–±–∏—Ä–∏–Ω—Ç—É_–≤–∏–¥–µ–æ –¥–ª—è –¥–µ—Ç–µ–π_2023_38,2023-09-21 16:08:43+03:00,–†–∞–∑–≤–ª–µ—á–µ–Ω–∏—è
"–ö–æ–Ω–∫—É—Ä—Å ""–ë–µ–ª—ã–µ –∫—Ä—ã–ª—å—è"" –≤ –ö—Ä–∞—Å–Ω–æ–¥–∞—Ä–µ üåû –Ω–æ–º–µ—Ä–∞ —Ç–∞–Ω—Ü–µ–≤–∞–ª—å–Ω–æ–≥–æ –∏ —Ü–∏—Ä–∫–æ–≤–æ–≥–æ –∏—Å–∫—É—Å—Å—Ç–≤–∞ # shorts #–∫–æ–Ω–∫—É—Ä—Å",2024-03-10 07:49:40+03:00,–ö—É–ª—å—Ç—É—Ä–∞
–ü–æ–∑–¥—Ä–∞–≤–ª–µ–Ω–∏–µ —Å –†–æ–∂–¥–µ—Å—Ç–≤–æ–º –•—Ä–∏—Å—Ç–æ–≤—ã–º_2024,2024-01-06 21:19:20+03:00,–†–∞–∑–≤–ª–µ—á–µ–Ω–∏—è
–ö–∞–∫ –≤—ã–±—Ä–∞—Ç—å –Ω–∞—Å–æ—Å –¥–ª—è —Å–∫–≤–∞–∂–∏–Ω—ã?,2023-02-23 14:15:43+03:00,–°—Ç—Ä–æ–∏—Ç–µ–ª—å—Å—Ç–≤–æ –∏ —Ä–µ–º–æ–Ω—Ç
–ó–∞–±—Ä–æ—à–µ–Ω–Ω—ã–µ –∏ –∑–∞–∫—Ä—ã—Ç—ã–µ —Å—Ç–∞–Ω—Ü–∏–∏ –Ω–∞ –∂–µ–ª–µ–∑–Ω–æ–π –¥–æ—Ä–æ–≥–µ –≤ –ú–æ—Å–∫–≤–µ,2022-09-11 21:50:37+03:00,–ü—É—Ç–µ—à–µ—Å—Ç–≤–∏—è
–ó–∞–¥–∞–Ω–∏–µ –¥–ª—è —Å–∏—Å—Å–∏ –¥–µ–≤—É—à–µ–∫ #7 / –∫–∞–∫ —Å—Ç–∞—Ç—å –¥–µ–≤—É—à–∫–æ–π / –≥–æ—Å–ø–æ–∂–∞ –¥–ª—è —Å–∏—Å—Å–∏,2023-10-15 12:36:09+03:00,–†–∞–∑–Ω–æ–µ
–î–µ–∫–æ—Ä–∞—Ç–∏–≤–Ω–∞—è –ø–æ–¥—É—à–∫–∞ —Å–≤–æ–∏–º–∏ —Ä—É–∫–∞–º–∏ - –ü–æ—à–∏–≤ –º–æ–ª–Ω–∏–∏ –∏ –∫–∞–Ω—Ç–∞ –Ω–∞ –Ω–∞–≤–æ–ª–æ—á–∫–µ,2022-05-15 18:40:21+03:00,–õ–∞–π—Ñ—Ö–∞–∫–∏
8. –ß–µ–º –ö–ê–ù–ê–î–ï–¶ –æ—Ç–ª–∏—á–∞–µ—Ç—Å—è –æ—Ç –†–£–°–°–ö–û–ì–û. –ß–∞—Å—Ç—å 1,2021-12-12 23:28:06+03:00,–†–∞–∑–≤–ª–µ—á–µ–Ω–∏—è
–∞ –º–æ–∂–Ω–æ —è —Å —Ç–æ–±–æ–π?,2024-03-09 08:33:07+03:00,–ê–Ω–∏–º–µ
–•–æ—Ä–æ—à–∏–π –¥–æ–∫—Ç–æ—Ä ‚Äì 7 —Å–µ–∑–æ–Ω 3 —Å–µ—Ä–∏—è ¬´–ö—Ä–∏—Ç–∏—á–µ—Å–∫–∞—è –ø–æ–¥–¥–µ—Ä–∂–∫–∞¬ª / The Good Doctor,2024-04-02 23:44:03+03:00,–°–µ—Ä–∏–∞–ª—ã
"–†–∞–∑–æ—á–∞—Ä–æ–≤–∞–Ω–∏–µ 1 —Å–µ–∑–æ–Ω 5 —Å–µ—Ä–∏—è ¬´–ú–æ—á–∏, –º–æ—á–∏ –∏—Ö, –ø—Ä–∏–Ω—Ü–µ—Å—Å–∞!¬ª (–º—É–ª—å—Ç—Å–µ—Ä–∏–∞–ª, 2018)",2024-02-10 06:18:19+03:00,–°–µ—Ä–∏–∞–ª—ã
"""–ì–æ—Ç–æ–≤–∏–º —Å –ê–ª–µ–∫—Å–µ–µ–º –ó–∏–º–∏–Ω—ã–º"": ""–ì—Ä—É–∑–∏–Ω—Å–∫–∏–π –æ–±–µ–¥""",2015-07-05 03:49:35+03:00,–¢–µ–ª–µ–ø–µ—Ä–µ–¥–∞—á–∏
"–®–∫–æ–ª–∞ —ç–∫—Å—Ç—Ä–∞—Å–µ–Ω—Å–æ–≤: –ö–∞—Ç–∞—Ä–∏–Ω–∞ –í—ã—Å–æ—Ü–∫–∞—è - –ü–æ—á—É–≤—Å—Ç–≤–æ–≤–∞—Ç—å –±–æ–ª—å –Ω–µ–∑–Ω–∞–∫–æ–º—Ü–µ–≤ (—Å–µ–∑–æ–Ω 1, –≤—ã–ø—É—Å–∫ 3)",2019-04-28 18:00:22+03:00,–¢–µ–ª–µ–ø–µ—Ä–µ–¥–∞—á–∏
"–ù–∞—Å—Ç–æ–ª—å–Ω–∞—è –∏–≥—Ä–∞ ""–ë–∞—Ä–∞–±–∞—à–∫–∞"". –ü—Ä–∞–≤–∏–ª–∞ + Let's Play.",2023-09-30 10:03:11+03:00,–†–∞–∑–Ω–æ–µ
–ê–ª—Ñ–∞–≤–∏—Ç –¥–ª—è –¥–µ—Ç–µ–π! –ë—É–∫–≤—ã –∏ —Å–ª–æ–≤–∞!,2021-10-08 12:55:41+03:00,–î–µ—Ç—è–º
–®–ø–∞–∫–ª—ë–≤–∫–∞ —Å—Ç–µ–∫–ª–æ—Ö–æ–ª—Å—Ç–∞ –ø–æ–¥ –ø–æ–∫—Ä–∞—Å–∫—É,2023-08-09 10:17:36+03:00,–†–∞–∑–Ω–æ–µ
–ú—É–∑—ã–∫–∞–ª—å–Ω–∞—è –≤–∏–∫—Ç–æ—Ä–∏–Ω–∞ –ø–æ —Å–∫–∞–∑–∫–∞–º –ü—É—à–∫–∏–Ω–∞,2022-11-21 12:00:06+03:00,–û–±—É—á–µ–Ω–∏–µ
–°—Ç—Ä–µ–ª–µ—Ü –ê–≤–≥—É—Å—Ç - —Ä–∞—Å–∫—Ä–æ–π—Ç–µ –≤ –∞–≤–≥—É—Å—Ç–µ –ø–æ—Ç–µ–Ω—Ü–∏–∞–ª –Æ–ø–∏—Ç–µ—Ä–∞. –î—É—à–µ–≤–Ω—ã–π –ì–æ—Ä–æ—Å–∫–æ–ø –ü–∞–≤–µ–ª –ß—É–¥–∏–Ω–æ–≤,2023-07-23 09:43:35+03:00,–≠–∑–æ—Ç–µ—Ä–∏–∫–∞
–ì–ª—É–±–∏–Ω—ã –û–∫–µ–∞–Ω–∞: –ü–æ–¥–≤–æ–¥–Ω–æ–µ –ß—É–¥–æ,2024-03-13 15:43:22+03:00,–ñ–∏–≤–æ—Ç–Ω—ã–µ
URBEX 3D video SBS VR box google cardboard,2024-05-18 07:35:11+03:00,–í–∏–¥–µ–æ–∏–≥—Ä—ã
–°–∞–ª–∞—Ç —Å –ø–æ–º–∏–¥–æ—Ä–∞–º–∏ —á–µ—Ä—Ä–∏.,2023-06-04 20:13:05+03:00,–ï–¥–∞
–ö—Ä–µ—Å—Ç–æ–≤—ã–µ –ø–æ—Ö–æ–¥—ã. –£—Ä–æ–∫ 8. –ß–∞—Å—Ç—å 2. –ò—Å—Ç–æ—Ä–∏—è 6 –∫–ª–∞—Å—Å,2023-01-30 17:17:59+03:00,–û–±—É—á–µ–Ω–∏–µ
FBI LOLI PREGNANT,2023-12-03 12:39:43+03:00,–†–∞–∑–Ω–æ–µ
–û–±–º–∞–Ω–∏ –º–µ–Ω—è 1 —Å–µ–∑–æ–Ω 4 —Å–µ—Ä–∏—è,2023-09-30 22:16:38+03:00,–°–µ—Ä–∏–∞–ª—ã
–ö–∞–∫ –ü–∞—à–∫–∞ —Ç–≤–æ—Ä–∏—Ç —á—É–¥–µ—Å–∞ —Å –±–æ–ª—å—à–∏–º —à–ø—Ä–∏—Ü–µ–º,2024-01-31 19:11:42+03:00,–†–∞–∑–≤–ª–µ—á–µ–Ω–∏—è
–¢—É—Ä—Ü–∏—è. –°–∞–º–æ–ª–µ—Ç. –ü—Ä–µ–¥–µ–ª—å–Ω–∞—è –≥–ª—É–±–∏–Ω–∞,2010-01-01 00:00:01+03:00,–¢–µ–ª–µ–ø–µ—Ä–µ–¥–∞—á–∏
VAVAN - –£–≥–ª–∏ (LYRIC VIDEO),2023-04-20 21:58:32+03:00,–ú—É–∑—ã–∫–∞
"""–Ω–µ—Å—Ç–æ—Ä"" —à–∏–ª–æ –ü–†–û–ë–ò–õ –î–ù–û –Ω–∞ —Ä–µ–∞–ª–∏—Ç–∏ —à–æ—É –î–û–ú-2 (–±–æ—Ä–µ—Ü —Å —Å–∏—Å—Ç–µ–º–æ–π: –Ω–∞–ø–∏—Å–∞–Ω–æ –ù–ï –ö–£–†–ò–¢–¨ - –ó–ê–ö–£–†–ò–¢)",2024-02-25 11:06:52+03:00,–Æ–º–æ—Ä
–ï–∫–∞—Ç–µ—Ä–∏–Ω–∞ –í–æ—Ä–æ–Ω–∏–Ω–∞ (1957),2016-02-05 21:43:14+03:00,–§–∏–ª—å–º—ã
–ø–æ–ø—É—Ä–∏.mp4,2010-01-01 00:00:01+03:00,–ú—É–∑—ã–∫–∞
"–°–º–µ—à–∞—Ä–∏–∫–∏. –ü–∏–Ω –ö–æ–¥, 1 —Å–µ–∑–æ–Ω, 18 —Å–µ—Ä–∏—è",2022-12-01 12:24:40+03:00,–ú—É–ª—å—Ç—Ñ–∏–ª—å–º—ã
"–°–æ–¥–µ—Ä–∂–∞–Ω–∏–µ 1 —Å–µ—Ä–∏–∏ —Å–µ—Ä–∏–∞–ª–∞ ""–ó–∞–∫—Ä—ã—Ç—ã–π —É—Ä–æ–≤–µ–Ω—å"" (–†–§, 2023)",2023-05-01 20:56:13+03:00,–°–µ—Ä–∏–∞–ª—ã
–Ø —Ç–≤–æ–µ —Å—á–∞—Å—Ç—å–µ. 4 —Ñ–µ–≤—Ä–∞–ª—è 18:00,2010-01-01 00:00:01+03:00,–¢–µ–ª–µ–ø–µ—Ä–µ–¥–∞—á–∏
1,2010-01-01 00:00:01+03:00,–†–∞–∑–Ω–æ–µ
–ù–æ–≤—ã–µ –º–æ—Ç–æ—Ü–∏–∫–ª—ã –ò–ñ,2023-06-15 01:11:41+03:00,–ê–≤—Ç–æ-–º–æ—Ç–æ
–®–û–£ –ü–†–ò–í–ï–¢ –°–û–°–ï–î!–ü–û–ë–ï–ì –ò–ó –î–û–ú–ê –í–ê–°–ò–õ–ò–ß–ê!–ò–ì–†–ê HELLO NEIGHBOR MOD KIT –ü–†–û–•–û–ñ–î–ï–ù–ò–ï –ú–û–î–ê ESCAPE FROM ME!,2023-08-28 10:30:07+03:00,–í–∏–¥–µ–æ–∏–≥—Ä—ã
3939 044,2013-09-01 23:19:30+03:00,–¢–µ–ª–µ–ø–µ—Ä–µ–¥–∞—á–∏
IMG_7189,2024-05-31 18:41:50+03:00,–†–∞–∑–≤–ª–µ—á–µ–Ω–∏—è
–õ–∞–æ—Å. –†—É—Å—Å–∫–∏–µ —Å–∞–ø–µ—Ä—ã –ø—Ä–æ—Ç–∏–≤ –∞–º–µ—Ä–∏–∫–∞–Ω—Å–∫–∏—Ö –±–æ–º–±,2010-01-01 00:00:01+03:00,–¢–µ–ª–µ–ø–µ—Ä–µ–¥–∞—á–∏
–í–µ—á–µ—Ä–Ω–∏–π –ò–∑–ª—É—á–∞—Ç–µ–ª—å: –ø–æ–¥–≤–∏–≥ –ê–ª–µ–∫—Å–∞–Ω–¥—Ä–∞ –ú–∞—Ç—Ä–æ—Å–æ–≤–∞,2024-02-22 18:03:56+03:00,–û–±—É—á–µ–Ω–∏–µ
–°–ª–∞–≤—è–Ω—Å–∫–∏–π –∑–∞–∂–∏–º —è–π—Ü–∞–º–∏ || 1 —á–∞—Å ||,2023-11-26 18:20:35+03:00,–†–∞–∑–Ω–æ–µ
–î–û–ú-2 –ü–æ—Å–ª–µ –∑–∞–∫–∞—Ç–∞ 5453 –¥–µ–Ω—å –ù–æ—á–Ω–æ–π —ç—Ñ–∏—Ä (15.04.2019),2019-04-15 18:04:17+03:00,–¢–µ–ª–µ–ø–µ—Ä–µ–¥–∞—á–∏
–°–∞–º–æ–≤–∞—Ä –ò–≤–∞–Ω –ò–≤–∞–Ω—ã—á,2010-01-01 00:00:01+03:00,–î–µ—Ç—è–º
"¬´–£—á–∏—Ç–µ–ª—å ‚Äì –±–æ–ª—å—à–µ, —á–µ–º –ø—Ä–æ—Ñ–µ—Å—Å–∏—è!¬ª.mp4",2022-04-20 06:11:59+03:00,–û–±—É—á–µ–Ω–∏–µ
–ò–≥—Ä—É—à–µ—á–Ω–∞—è —Å—Ç—Ä–∞–Ω–∞: –ì–æ—Å–ø–æ–¥–∏–Ω –≥–æ–±–ª–∏–Ω –¢–∞–±–±–∏. 21 —Å–µ—Ä–∏—è ,2010-01-01 00:00:01+03:00,–î–µ—Ç—è–º
"–ó–≤—ë–∑–¥—ã –≤ –≥–ª–∞–∑–∞—Ö, –∏—Å–ø. —Å–æ–ª–∏—Å—Ç ""–ù–æ–≤–æ–π –û–ø–µ—Ä—ã"" –û–ª–µ–≥ –®–∞–≥–æ—Ü–∫–∏–π, –∫–æ–º–ø. –ì–µ–Ω–Ω–∞–¥–∏–π –®–∞—Ä–∏–Ω, —Å—Ç–∏—Ö–∏ –ò–≥–æ—Ä—è –ì–æ–ª–æ–≤–∫–æ",2022-05-30 10:05:06+03:00,–ú—É–∑—ã–∫–∞
Robben,2010-01-01 00:00:01+03:00,–°–ø–æ—Ä—Ç
–ñ–∏—Ä–æ–Ω–∞ - –ú–∞–ª—å–æ—Ä–∫–∞ –ø—Ä–æ–≥–Ω–æ–∑,2023-05-03 16:14:10+03:00,–°–ø–æ—Ä—Ç
–ê–Ω–¥—Ä–µ–π –ö—É—Ä–ø–∞—Ç–æ–≤ - –æ —Å–µ–∫—Ä–µ—Ç–∞—Ö –±–æ–≥–∞—Ç—ã—Ö –ª—é–¥–µ–π,2024-07-29 16:02:27+03:00,–†–∞–∑–≤–ª–µ—á–µ–Ω–∏—è
–û—á–µ–Ω—å –∫—Ä—É—Ç–æ–π  –ë–ª–æ—à–∏–Ω—ã–π –†—ã–Ω–æ–∫  –≤ –ù–∏—Ü—Ü–µ (–§—Ä–∞–Ω—Ü–∏—è).,2023-06-09 23:54:14+03:00,–õ–∞–π—Ñ—Å—Ç–∞–π–ª
–ú–´ –ó–ê–ì–õ–Ø–ù–£–õ–ò –í–ù–£–¢–†–¨ –î–ò–í–ê–ù–ê‚Ä¶ –ñ–∏–≤–µ—Ç —Å 1000 –∫–ª–æ–ø–∞–º–∏ –≤ –ø—É—Å—Ç–æ–π –∫–æ–º–Ω–∞—Ç–µ.,2024-04-26 17:30:55+03:00,–õ–∞–π—Ñ—Å—Ç–∞–π–ª
"–õ–£–ß–®–ò–ï –°–û–í–ï–¢–°–ö–ò–ï –§–ò–õ–¨–ú–´ | –¢–û–ü 10 –§–∏–ª—å–º–æ–≤ –∏–∑ –°–°–°–†, –∫–æ—Ç–æ—Ä—ã–µ —Å—Ç–æ–∏—Ç –ø–æ—Å–º–æ—Ç—Ä–µ—Ç—å –≤ 2024",2024-07-23 14:00:06+03:00,–§–∏–ª—å–º—ã
–ë–æ—Å—Ö: –ù–∞—Å–ª–µ–¥–∏–µ - 1 —Å–µ–∑–æ–Ω 7 —Å–µ—Ä–∏—è / Bosch: Legacy (–æ–∑–≤—É—á–∫–∞ Jaskier),2024-02-16 13:12:34+03:00,–°–µ—Ä–∏–∞–ª—ã
–ü—Ä–æ—Å—Ç–æ–∏ÃÜ –±—É—Ç–µ—Ä–±—Ä–æ–¥,2022-11-21 13:20:20+03:00,–ï–¥–∞
–ö–∞—Ç—É—à–∫–∏ KAIDA. KAIDA ADVANCE 5000.,2023-08-02 14:49:29+03:00,–†–∞–∑–Ω–æ–µ
–°–∞–º—ã–µ –ñ—É—Ç–∫–∏–µ –ó–∞–±—Ä–æ—à–µ–Ω–Ω—ã–µ –ú–µ—Å—Ç–∞ —Å–æ –í—Å–µ–≥–æ –ú–∏—Ä–∞,2022-08-24 10:45:12+03:00,–†–∞–∑–≤–ª–µ—á–µ–Ω–∏—è
–ö–ê–ö –û–ë–ú–ê–ù–£–¢–¨ –°–ú–ï–†–¢–¨ ‚ñ∫ Manual Samuel |1|,2019-11-06 18:54:02+03:00,UNKNOWN
–í–µ–ª–∏–∫–æ–ª–µ–ø–Ω—ã–π –≤–µ–∫ 82 —Å–µ—Ä–∏—è ,2010-01-01 00:00:01+03:00,–°–µ—Ä–∏–∞–ª—ã
–ü–æ—Ä–∞–∂–µ–Ω–∏—è –≥–æ–ª–µ–Ω–æ—Å—Ç–æ–ø–Ω–æ–≥–æ —Å—É—Å—Ç–∞–≤–∞ –ø—Ä–∏ —Ä–µ–≤–º–∞—Ç–∏—á–µ—Å–∫–∏—Ö –∑–∞–±–æ–ª–µ–≤–∞–Ω–∏—è—Ö.,2023-10-16 15:03:49+03:00,–ó–¥–æ—Ä–æ–≤—å–µ
–•–õ–û–†–ò–†–û–í–ê–ù–ò–ï –ë–ï–ù–ó–û–õ–ê.–•–ò–ú–ò–Ø,2022-07-06 09:38:38+03:00,–ù–∞—É–∫–∞
–Ø–Ω–∞ —Å–∞–¥–∏–∫ –Ω–æ–≤—ã–π –≥–æ–¥,2024-08-10 09:24:07+03:00,–î–µ—Ç—è–º
14-01-–õ–æ–∫–∞–ª—å–Ω—ã–π –∫–æ–Ω—Ç—Ä–∞—Å—Ç –Ω–∞ –ø–æ—Ä—Ç—Ä–µ—Ç–µ –¥–µ–≤—É—à–∫–∏,2010-01-01 00:00:01+03:00,–û–±—É—á–µ–Ω–∏–µ
–º–æ–π –º–∏—Ä.,2023-10-23 21:50:55+03:00,–î–µ—Ç—è–º
"Fallout 2 —Å–µ—Ä–∏—è ¬´–¶–µ–ª—å¬ª (—Å–µ—Ä–∏–∞–ª, 2024)",2024-04-11 14:01:25+03:00,–°–µ—Ä–∏–∞–ª—ã
20230304_121843.mp4,2023-05-06 09:21:16+03:00,–ê–≤—Ç–æ-–º–æ—Ç–æ
–ö–∞–∑–∞—Ö—Å—Ç–∞–Ω –Ω–∞–ø—Ä–∞–≤–∏—Ç —Å–≤—ã—à–µ 400 –≤–æ–µ–Ω–Ω–æ—Å–ª—É–∂–∞—â–∏—Ö –≤ –º–∏—Ä–æ—Ç–≤–æ—Ä—á–µ—Å–∫–∏–µ –º–∏—Å—Å–∏–∏ –û–û–ù –Ω–∞ –ë–ª–∏–∂–Ω–µ–º –í–æ—Å—Ç–æ–∫–µ,2024-01-22 18:51:44+03:00,–†–∞–∑–Ω–æ–µ
"""–ü–µ—Ä–µ–¥ —à–∫–æ–ª–æ–π / Vor der Schule""",2010-01-01 00:00:01+03:00,–°–µ—Ä–∏–∞–ª—ã
–í—Ç–æ—Ä–æ–π —Å–µ–∑–æ–Ω —à–æ—É ¬´–ß–µ—Ä–¥–∞–Ω—Ü–µ–≤ –ø—Ä–æ—Ç–∏–≤ —è–ø–ø–µ—Ä–æ–≤¬ª,2024-01-18 21:00:07+03:00,–†–∞–∑–≤–ª–µ—á–µ–Ω–∏—è
–õ–æ–≤–ª—è —â—É–∫–∏. –ö–∞–∫–∞—è –ø—Ä–∏–º–∞–Ω–∫–∞ –ª—É—á—à–µ?,2010-01-01 00:00:01+03:00,–û—Ö–æ—Ç–∞ –∏ —Ä—ã–±–∞–ª–∫–∞
–ú—ã –≤–æ—é–µ–º —Å —Å–∞—Ç–∞–Ω–æ–∏ÃÜ,2024-01-04 00:43:53+03:00,–ú—É–∑—ã–∫–∞
–û—Å–Ω–æ–≤–∞–Ω–∏–µ –û—Å–º–∞–Ω 119 —Å–µ—Ä–∏—è –Ω–∞ –†—É—Å—Å–∫–æ–º —è–∑—ã–∫–µ –¢—É—Ä–µ—Ü–∫–∏–π —Å–µ—Ä–∏–∞–ª –¥–∞—Ç–∞ –≤—ã—Ö–æ–¥–∞ –∏ —Å—é–∂–µ—Ç,2023-03-13 10:00:06+03:00,–°–µ—Ä–∏–∞–ª—ã
–î–æ–≤–µ—Ä–µ–Ω–Ω–æ–µ 113 —Å–µ—Ä–∏—è –Ω–∞ —Ä—É—Å—Å–∫–æ–º —è–∑—ã–∫–µ,2023-04-04 14:33:15+03:00,–°–µ—Ä–∏–∞–ª—ã
"–°–≤–µ—Ç–ª—ã–π –ø–µ–ø–µ–ª –ª—É–Ω—ã, 18 —Å–µ—Ä–∏—è",2024-03-15 10:00:13+03:00,–°–µ—Ä–∏–∞–ª—ã
–∑–æ–ª–æ—Ç–∞—è —Å–≤–∞–¥—å–±–∞.flv,2010-01-01 00:00:01+03:00,–Æ–º–æ—Ä
–í —Å–µ—Ç–∏ –Ω–∞–±–∏—Ä–∞–µ—Ç –ø–æ–ø—É–ª—è—Ä–Ω–æ—Å—Ç—å —Ä–æ–ª–∏–∫ —Å –≤–æ–∑–≤—Ä–∞—â–µ–Ω–∏–µ–º —Ä—É—Å—Å–∫–∏—Ö —Å–æ–ª–¥–∞—Ç. –ü–æ–¥–ø–∏—Å—á–∏–∫–∏ —É—Å–ª—ã—à–∞–ª–∏ –≤ –ø–µ—Å–Ω–µ V–æ—Å—Ç–æ–∫,2024-05-11 21:47:43+03:00,–†–∞–∑–Ω–æ–µ
–ß–µ—Ä—Ç–µ–∂ –û—Å–Ω–æ–≤—ã –ø–ª–∞—Ç—å—è  –°–∞–º–æ–µ –ø–æ–ª–Ω–æ–µ –∏ –ø–æ–¥—Ä–æ–±–Ω–æ–µ –ø–æ—Å—Ç—Ä–æ–µ–Ω–∏–µ –≤—ã–∫—Ä–æ–π–∫–∏  –°—Ç–æ –®–∞–≥–æ–≤ –ü–æ—Ä—Ç–Ω–æ–≥–æ.mp4,2022-05-27 20:08:25+03:00,–•–æ–±–±–∏
—è —Å–æ–∑–¥–∞–º —Å–≤–æ—é –∏–≥—Ä—É —Ç–æ–π–ª–µ—Ç –≤–æ–Ω,2023-12-14 17:09:07+03:00,–î–µ—Ç—è–º
Blackhead Whitehead Removal - Cystic Acne Treatment - Elderly Pimple Popping - Facial Acne Spa |#08,2023-10-28 03:09:12+03:00,–†–∞–∑–Ω–æ–µ
–ü–û–î–ö–û–†–ú–ò–¢–ï –†–û–ó–´ –¢–ê–ö –í –ò–Æ–ù–ï –î–õ–Ø –ù–ï–û–ë–´–ö–ù–û–í–ï–ù–ù–û –ü–´–®–ù–û–ì–û –¶–í–ï–¢–ï–ù–ò–Ø!,2022-06-20 14:00:02+03:00,–°–∞–¥ –∏ –æ–≥–æ—Ä–æ–¥
–°–∫–æ–ª—å–∫–æ —Ä—É—Å—Å–∫–∏—Ö –∑–∞ –≥—Ä–∞–Ω–∏—Ü–µ–π –∏ –ø–æ—á–µ–º—É –∏–º —Ç—Ä—É–¥–Ω–æ –ø–æ–ø–∞—Å—Ç—å –Ω–∞ —Ä–æ–¥–∏–Ω—É ‚Äì –®–µ–ª—è–ø–∏–Ω–∞ –æ –º–∏–≥—Ä–∞—Ü–∏–∏ –≤ –†–æ—Å—Å–∏–∏,2024-07-16 16:22:57+03:00,–ò–Ω—Ç–µ—Ä–≤—å—é
"–ß–µ–º –∫—Ä–µ–ø–∏—Ç—å, —á–µ–º —Å–≤–µ—Ä–ª–∏—Ç—å –∏ –∫–∞–∫ —à–ø–∞–∫–ª–µ–≤–∞—Ç—å –ø–ª–æ—Å–∫–∏–π —à–∏—Ñ–µ—Ä | —Ñ–∞—Å–∞–¥ –¥–ª—è –¥–æ–º–∞",2023-08-08 01:28:02+03:00,–†–∞–∑–Ω–æ–µ
–ö–æ–Ω—Å—É–ª—å—Ç–∞—Ü–∏—è –≤—Å—Ç—É–ø–∏—Ç–µ–ª—å–Ω—ã—Ö –∏—Å–ø—ã—Ç–∞–Ω–∏–π –ø–æ –∏–Ω—Ñ–æ—Ä–º–∞—Ç–∏–∫–µ,2023-07-10 07:53:15+03:00,–û–±—É—á–µ–Ω–∏–µ
"Laguna Beach, California ü´∂üèª #shorts",2024-05-14 13:56:22+03:00,–ü—É—Ç–µ—à–µ—Å—Ç–≤–∏—è
–ù–µ—Ñ—Ç–µ—Ö–∏–º–∏–∫ - –ê–º—É—Ä –ö–•–õ. 27.09.2023.–ü—Ä—è–º–∞—è —Ç—Ä–∞–Ω—Å–ª—è—Ü–∏—è.–°–º–æ—Ç—Ä–µ—Ç—å –æ–Ω–ª–∞–π–Ω.–û–±–∑–æ—Ä –º–∞—Ç—á–∞.–ü—Ä–æ–≥–Ω–æ–∑.–•–æ–∫–∫–µ–π,2023-09-27 17:38:00+03:00,–°–ø–æ—Ä—Ç
"–ó–Ω–∞–∫–∏ –°—É–¥—å–±—ã. 5 —Å–µ–∑–æ–Ω, 5 —Å–µ–∑–æ–Ω, 55 —Å–µ—Ä–∏—è",2022-03-04 04:01:07+03:00,–°–µ—Ä–∏–∞–ª—ã
–§–∞–Ω—Ç–∞—Å—Ç–∏—á–µ—Å–∫–∏–µ –ø—Ä–µ–º—å–µ—Ä—ã,2010-01-01 00:00:01+03:00,–¢–µ–ª–µ–ø–µ—Ä–µ–¥–∞—á–∏
–∞–Ω—Ç–∏—Ç–µ—Ä—Ä–æ—Ä.flv,2010-01-01 00:00:01+03:00,–°–µ—Ä–∏–∞–ª—ã
–£–≥–∞–¥–∞–π –º–æ–π –≤–æ–∑—Ä–∞—Å—Ç,2010-01-01 00:00:01+03:00,–¢–µ–ª–µ–ø–µ—Ä–µ–¥–∞—á–∏
"–ù–æ–≤—ã–π –≥–æ–¥ 2024 —Å –∫–∞–Ω–∞–ª–æ–º ""–¢—Ä–∏ –±–∏–ª–µ—Ç–∞"". –ó–∞–∫—É–ª–∏—Å—å–µ —Ç–µ–ª–µ–≤–∏–¥–µ–Ω–∏—è!",2024-02-28 23:11:22+03:00,–†–∞–∑–≤–ª–µ—á–µ–Ω–∏—è
–ü–æ –∫–æ–ª–µ–Ω–æ –†—É—Å—Å–∫–∏–π –¢—Ä–µ–π–ª–µ—Ä —Å–µ—Ä–∏–∞–ª–∞ 2021,2021-05-12 07:11:20+03:00,–°–µ—Ä–∏–∞–ª—ã
–í–∞–ª–µ–Ω—Å–∏—è 4:0 –ì—Ä–∞–Ω–∞–¥–∞ | –ö—É–±–æ–∫ –ò—Å–ø–∞–Ω–∏–∏ 2015/16 | 1/8 —Ñ–∏–Ω–∞–ª–∞ | –ü–µ—Ä–≤—ã–π –º–∞—Ç—á | –û–±–∑–æ—Ä –º–∞—Ç—á–∞,2016-01-06 20:01:29+03:00,–°–ø–æ—Ä—Ç
–î–µ–∫–æ—Ä–∞—Ç–∏–≤–Ω—ã–µ —Ä–µ–º–µ—Å–ª–∞. –ü–æ–ª—Ö–æ–≤—Å–∫–æ-–º–∞–π–¥–∞–Ω—Å–∫–∞—è —Ä–æ—Å–ø–∏—Å—å,2022-10-16 23:16:39+03:00,–ö—É–ª—å—Ç—É—Ä–∞
–°–ø—Ä–∞–≤–∫–∏ –æ —É—á–∞—Å—Ç–∏–∏ –≤ –ø—Ä–∏–≤–∞—Ç–∏–∑–∞—Ü–∏–∏,2023-09-07 20:23:19+03:00,–†–∞–∑–Ω–æ–µ
sad17,2010-01-01 00:00:01+03:00,–°–µ—Ä–∏–∞–ª—ã
"–§—Ä–∞–Ω—Ü—É–∑—Å–∫–∏–π —è–∑—ã–∫ –¥–ª—è –¥–µ—Ç–µ–π. '–£—á–∏–º—Å—è —Å –ø–µ–ª–µ–Ω–æ–∫', –≤—ã–ø—É—Å–∫ 87. –ö–∞–Ω–∞–ª –ú–∞—Ä–≥–∞—Ä–∏—Ç—ã –°–∏–º–æ–Ω—å—è–Ω.",2024-02-17 16:41:45+03:00,–û–±—É—á–µ–Ω–∏–µ
–ü—Ä–æ–º—ã–≤–∫–∞ —Ç–µ–ø–ª–æ–æ–±–º–µ–Ω–Ω–∏–∫–∞. –ì–∞–∑–æ–≤–æ–≥–æ –∫–æ—Ç–ª–∞. –°–≤–æ–∏–º–∏ —Ä—É–∫–∞–º–∏,2023-08-28 15:55:08+03:00,–†–∞–∑–Ω–æ–µ
–ö–∞–∫ –Ω–∞—É—á–∏—Ç—å—Å—è –æ—Ç–∂–∏–º–∞—Ç—å—Å—è —Å –Ω—É–ª—è? –¢–µ—Ö–Ω–∏–∫–∞ –∏ –ª–∞–π—Ñ—Ö–∞–∫–∏,2023-11-13 10:00:06+03:00,–°–ø–æ—Ä—Ç
"–ú—É–ª—å—Ç–∏-–†–æ—Å—Å–∏—è, 30 —Å–µ—Ä–∏—è. –†–µ—Å–ø—É–±–ª–∏–∫–∞ –ë–∞—à–∫–æ—Ä—Ç–æ—Å—Ç–∞–Ω",2023-09-01 11:31:18+03:00,–ú—É–ª—å—Ç—Ñ–∏–ª—å–º—ã
"–ü–∞–≤–µ–ª –ê—Å—Ç–∞–ø–æ–≤ –Ω–µ–¥–æ–≤–æ–ª–µ–Ω, —á—Ç–æ —à–∫–æ–ª—å–Ω–∏–∫–æ–≤ —Ö–æ—Ç—è—Ç –æ–±—É—á–∞—Ç—å —Ö–æ—Ä–æ—à–∏–º –¥–µ–ª–∞–º",2023-08-25 10:42:06+03:00,–†–∞–∑–Ω–æ–µ
–ñ–∏–ª –Ω–∞ —Å–≤–µ—Ç–µ –•–∞–π–º,2010-01-01 00:00:01+03:00,–ú—É–∑—ã–∫–∞
–ì—É—Ñ–∏ –∏ –µ–≥–æ –∫–æ–º–∞–Ω–¥–∞ (–∑–∞—Å—Ç–∞–≤–∫–∞),2019-02-08 15:30:19+03:00,–ú—É–ª—å—Ç—Ñ–∏–ª—å–º—ã
–ù–ò–î–ò–ù - 21 395 –°–£–ú–ú–ê–†–ö–ò –ó–ê –ë–û–ô –ù–ê –ú–ê–ù–¢–ò–ö–û–†–ï / –ú–ê–°–¢–ï–† –õ–¢ –í –î–ï–õ–ï / –ö–ê–ö –°–í–ï–¢–ò–¢–¨ –ù–ê –ü–†–û–•–û–†–û–í–ö–ï (4–ö),2023-02-26 10:12:03+03:00,–í–∏–¥–µ–æ–∏–≥—Ä—ã
C-HB-Sh.Michaels.Mr.Wrestlemania.1-2,2010-01-01 00:00:01+03:00,–°–ø–æ—Ä—Ç
–ö–∞–∫ –¥–æ–±–∞–≤–∏—Ç—å –≤ –¢–µ–ª–µ–≥—Ä–∞–º –Ω–∞ —Å–≤–æ—é —Ñ–æ—Ç–∫—É —Å–º–∞–π–ª –∏ —Ç–µ–∫—Å—Ç.,2022-05-21 20:06:02+03:00,–ë–∏–∑–Ω–µ—Å –∏ –ø—Ä–µ–¥–ø—Ä–∏–Ω–∏–º–∞—Ç–µ–ª—å—Å—Ç–≤–æ
–í–∏—Ç–∞–ª–∏–π –ö–ª–∏—á–∫–æ —Å–≤–µ–∂–∞–∫ ,2014-09-17 01:19:46+03:00,–Æ–º–æ—Ä
–ì–æ—Ä–æ—Å–∫–æ–ø –Ω–∞ 30 –º–∞—è. –î–æ–±—Ä–æ–µ —É—Ç—Ä–æ. –§—Ä–∞–≥–º–µ–Ω—Ç –≤—ã–ø—É—Å–∫–∞ –æ—Ç 30.05.2023,2023-05-30 05:11:36+03:00,–¢–µ–ª–µ–ø–µ—Ä–µ–¥–∞—á–∏
–ü—Ä–µ–∂–¥–µ —á–µ–º –∑–∞–∫–∞–∑–∞—Ç—å! –ü—Ä–æ–±—É–µ–º –∫–æ–º–ø–ª–µ–∫—Å–Ω—ã–π –æ–±–µ–¥ –∑–∞ 200 —Ä—É–±–ª–µ–π. –û–±–∑–æ—Ä –¥–æ—Å—Ç–∞–≤–∫–∏ –µ–¥—ã.,2024-04-13 15:00:17+03:00,–û–±–∑–æ—Ä—ã –∏ —Ä–∞—Å–ø–∞–∫–æ–≤–∫–∏ —Ç–æ–≤–∞—Ä–æ–≤
–ú–∞—Å—Ç–µ—Ä—Å. –°–∞—Ñ–∏–Ω –ø–æ–∫–∏–Ω—É–ª –∫–æ—Ä—Ç,2010-01-01 00:00:01+03:00,–°–ø–æ—Ä—Ç
–°–æ–ª–¥–∞—Ç—ã –ê—Ä–º–∏–∏ –æ–±–æ—Ä–æ–Ω—ã –ò–∑—Ä–∞–∏–ª—è –∏–∑–±–∏–ª–∏ –±–µ–∑–æ—Ä—É–∂–Ω–æ–≥–æ –ø–∞–ª–µ—Å—Ç–∏–Ω—Ü–∞,2010-01-01 00:00:01+03:00,–°–ø–æ—Ä—Ç
–ö–∞–∫ –±—Ä–∞—Ç—å –≤ —Ä—É–∫–∏ —ç—É–±–ª–µ—Ñ–∞—Ä–æ–≤ /—Å–æ–¥–µ—Ä–∂–∞–Ω–∏–µ –∏ —É—Ö–æ–¥,2023-09-18 23:15:13+03:00,–†–∞–∑–Ω–æ–µ
–ú–µ–¥–∞–ª—å –∏ –µ–¥–∏–Ω–æ–≤—Ä–µ–º–µ–Ω–Ω—É—é –≤—ã–ø–ª–∞—Ç—É –≤ 300 —Ç—ã—Å —Ä—É–± –±—É–¥—É—Ç –ø–æ–ª—É—á–∞—Ç –∂–∏—Ç–µ–ª–∏ –°—Ç–∞–≤—Ä–æ–ø–æ–ª—å—è,2023-10-25 16:28:55+03:00,–¢–µ–ª–µ–ø–µ—Ä–µ–¥–∞—á–∏
–£–ì–ù–ê–õ –ö–£–ß–£ –ë–†–ò–õ–õ–ò–ê–ù–¢–û–í–´–• –õ–ï–¢–ê–Æ–©–ò–• –ß–ò–¢ –¢–ê–ß–ï–ö –£ –ú–ê–ñ–û–†–ê –ó–ê 180 –°–ï–ö–£–ù–î! –ë–ò–¢–í–ê –í–û–†–û–í –í –ì–¢–ê 5!,2022-04-07 13:23:29+03:00,–í–∏–¥–µ–æ–∏–≥—Ä—ã
–°–∏–ª–æ–≤–æ–π –≤–∞–ª –ú–¢–ó.  –ß–∞—Å—Ç—å 1.  –°–Ω—è—Ç–∏–µ.,2023-09-09 17:42:41+03:00,–†–∞–∑–Ω–æ–µ
–ú–∏—Ö–∞–∏–ª –¢—Ä–æ–π–Ω–∏–∫ –ø–æ–¥–µ–ª–∏–ª—Å—è —Ç—Ä–æ–≥–∞—Ç–µ–ª—å–Ω—ã–µ –≤–∏–¥–µ–æ —Å –Æ–ª–∏–µ–π –ü–µ—Ä–µ—Å–∏–ª—å–¥,2023-09-06 14:02:26+03:00,–õ–∞–π—Ñ—Å—Ç–∞–π–ª
–ì—Ä–∞–Ω–Ω–∏ 2 üî¥–û–±–Ω–æ–≤–ª–µ–Ω–∏–µ 1.1 + –ù–æ–≤–∞—è –∫–æ–Ω—Ü–æ–≤–∫–∞ –Ω–∞ –≤–µ—Ä—Ç–æ–ª—ë—Ç–µ ‚úàÔ∏è Granny Chapter Two,2023-10-20 02:11:15+03:00,–†–∞–∑–Ω–æ–µ
TS Saveeditor Tool | –ö–∞–∫ –Ω–∞–∫—Ä—É—Ç–∏—Ç—å —É—Ä–æ–≤–µ–Ω—å –∏ –¥–µ–Ω—å–≥–∏ –≤ ETS2 –∏ ATS? | –ß–∏—Ç—ã –¥–ª—è ETS 2 –∏ ATS,2023-10-09 12:37:59+03:00,–†–∞–∑–Ω–æ–µ
¬´–î–ù–ö¬ª: ¬´–ù–∞–≥—É–ª—è–ª–∞ –º—É–∂—É-–≤–∞—Ö—Ç–æ–≤–∏–∫—É?¬ª | –í—ã–ø—É—Å–∫ –æ—Ç 28 –¥–µ–∫–∞–±—Ä—è 2022 –≥–æ–¥–∞,2022-12-28 19:05:00+03:00,–¢–µ–ª–µ–ø–µ—Ä–µ–¥–∞—á–∏
Revision - Reserve || –†–µ–≤–∏–∑–∏—è - –†–µ–∑–µ—Ä–≤,2023-12-09 18:44:49+03:00,–†–∞–∑–Ω–æ–µ
"–ú–∞—à–∞ –ú–∏–Ω–æ–≥–∞—Ä–æ–≤–∞ –æ –∑–∞–ø—É—Å–∫–µ –∫–∞–Ω–∞–ª–∞ ""–°—É–±–±–æ—Ç–∞!"": —Å—é—Ä–ø—Ä–∏–∑—ã, –∑–≤–µ–∑–¥–Ω—ã–µ –≤–µ–¥—É—â–∏–µ, –Ω–æ–≤—ã–µ —à–æ—É, –ª—É—á—à–∏–µ —Å–µ—Ä–∏–∞–ª—ã",2021-02-10 14:47:27+03:00,–ò–Ω—Ç–µ—Ä–≤—å—é
–û—Å—Ç–æ—Ä–æ–∂–Ω–æ!!! –ú–´–®–¨!!! –ò–≥—Ä–∞ –¥–ª—è –∫–æ—à–µ–∫! A game for cats!,2024-06-18 07:43:27+03:00,–í–∏–¥–µ–æ–∏–≥—Ä—ã
–ù–∞ —ç—Ç–æ–º —Å–∞–π—Ç–µ –º–æ–∂–Ω–æ —Å–ª–µ–¥–∏—Ç—å –∑–∞ –º–∏—Ä–∞–º–∏ –∏–≥—Ä–æ–∫–æ–≤ —á–µ—Ä–µ–∑ —Å–µ–∫—Ä–µ—Ç–Ω—ã–µ –∫–∞–º–µ—Ä—ã  –†–∞–∑–±–æ—Ä MineWatch (ARG) –ø–µ—Ä–µ–∑–æ–ª,2024-05-20 19:50:50+03:00,–í–∏–¥–µ–æ–∏–≥—Ä—ã
"–®—Ä—ç–∫ –º–æ—Ä–æ–∑, –∑–µ–ª–µ–Ω—ã–π –Ω–æ—Å (2007)",2024-02-27 14:38:21+03:00,–§–∏–ª—å–º—ã
"–ê–∫–∞—Ñ–∏—Å—Ç ""–°–ª–∞–≤–∞ –ë–æ–≥—É –∑–∞ –≤—Å–µ""",2023-12-22 21:56:32+03:00,–†–∞–∑–Ω–æ–µ
–ö–æ—Ñ–µ–º–∞—à–∏–Ω–∞ Saeco lirika SUP041 | –ß–µ—Å—Ç–Ω—ã–π –æ—Ç–∑—ã–≤ –ø–æ—Å–ª–µ –≥–æ–¥–∞ –∏—Å–ø–æ–ª—å–∑–æ–≤–∞–Ω–∏—è –°–∞–µ–∫–æ –õ–∏—Ä–∏–∫–∞ –≤ –æ—Ñ–∏—Å–µ,2023-11-17 00:34:54+03:00,–†–∞–∑–Ω–æ–µ
–ú—É–∂—Å–∫–æ–µ –ñ–µ–Ω—Å–∫–æ–µ 27.12.2023,2023-12-27 10:46:34+03:00,–¢–µ–ª–µ–ø–µ—Ä–µ–¥–∞—á–∏
"Infinix Hot 30i Pubg Test | GRAPHICS "" GYRO ""Battery Drain | Fps ?? | Hot 30i Price In Pakistan",2024-02-13 22:41:52+03:00,–†–∞–∑–Ω–æ–µ
"""–ü–æ—Ä—Ç—Ä–µ—Ç –≤ –∏–Ω—Ç–µ—Ä—å–µ—Ä–µ""  –°–ø–µ—Ü–∏–∞–ª–∏—Å—Ç –ù–ê–ù–ú –ó–æ—è –†–∞–º–∞–∑–∞–Ω–æ–≤–Ω–∞ - 2023.01.20",2023-05-10 11:48:01+03:00,–¢–µ–ª–µ–ø–µ—Ä–µ–¥–∞—á–∏
–ë–æ–ª—å—à–∞—è –≤–∏–¥–µ–æ-—ç–∫—Å–∫—É—Ä—Å–∏—è –ø–æ —Ç–µ–ø–ª–æ—Ö–æ–¥—É ¬´–ì–µ–æ—Ä–≥–∏–π –ß–∏—á–µ—Ä–∏–Ω¬ª,2023-05-26 18:33:42+03:00,–ü—É—Ç–µ—à–µ—Å—Ç–≤–∏—è
2024-02-20 18.27.40,2024-02-21 23:53:44+03:00,–ê–≤—Ç–æ-–º–æ—Ç–æ
Bad Baby Learning Colors With Mini Bus Nursery Rhyme Song Collection for kids,2023-08-31 13:04:19+03:00,–î–µ—Ç—è–º
–ö–∞–∫ —Å–Ω—è—Ç—å –ø—Ä–∏–∫—É—Ä–∏–≤–∞—Ç–µ–ª—å –Ω–∞  Volkswagen Polo —Å–µ–¥–∞–Ω - –†–µ–º–æ–Ω—Ç –∞–≤—Ç–æ —Å–≤–æ–∏–º–∏ —Ä—É–∫–∞–º–∏.,2023-09-28 10:47:33+03:00,–†–∞–∑–Ω–æ–µ
"–û—Ç–ª–∏—á–∏—è –∞–º–æ—Ä—Ç–∏–∑–∞—Ç–æ—Ä–æ–≤. –î–≤—É—Ö—Ç—Ä—É–±–Ω–æ–≥–æ —Å—Ç–∞–Ω–¥–∞—Ä—Ç–Ω–æ–≥–æ, –æ—Ç –æ–¥–Ω–æ—Ç—Ä—É–±–Ω–æ–≥–æ —Å–ø–æ—Ä—Ç–∏–≤–Ω–æ–≥–æ.",2023-03-23 16:04:41+03:00,–ê–≤—Ç–æ-–º–æ—Ç–æ
Erotic Yoga-–†–∞—Å—Ç—è–∂–∫–∞ –ø–ª–∞—Å—Ç–∏–∫–∞,2024-03-21 10:45:55+03:00,–†–∞–∑–≤–ª–µ—á–µ–Ω–∏—è
–£—Å—Ç–∞–Ω–æ–≤–∫–∞ –∞–º–æ—Ä—Ç–∏–∑–∞—Ç–æ—Ä–æ–≤ –∫–∞–ø–æ—Ç–∞ –Ω–∞ Lada Granta,2019-07-15 13:01:18+03:00,–¢–µ—Ö–Ω–∏–∫–∞ –∏ –æ–±–æ—Ä—É–¥–æ–≤–∞–Ω–∏–µ
LINKIN PARK - Castle of glass (–ø–µ—Ä–µ–≤–æ–¥) [–Ω–∞ —Ä—É—Å—Å–∫–æ–º —è–∑—ã–∫–µ] FATALIA,2024-01-07 09:09:48+03:00,–ú—É–∑—ã–∫–∞
"FV215b 183, –ù–ï –†–ï–ê–õ–¨–ù–´–ï –¢–£–†–ë–û –í–ê–ù–®–û–¢–´ –ù–ê –õ–ê–ô–í –û–ö–°–ï",2023-08-07 12:05:05+03:00,–í–∏–¥–µ–æ–∏–≥—Ä—ã
–ü–µ—Ä–≤–æ–µ –≤–∫–ª—é—á–µ–Ω–∏–µ TEYES CC3 –Ω–∞ –ö–ò–ê –†–ò–û X-Line,2022-04-04 09:14:09+03:00,–¢–µ—Ö–Ω–∏–∫–∞ –∏ –æ–±–æ—Ä—É–¥–æ–≤–∞–Ω–∏–µ
–ï–í–ü–ê–¢–ò–ô –ö–û–õ–û–í–†–ê–¢ –ü–†–Ø–ú–û–ô –≠–§–ò–† –¢–ï–ú–ê –°–¢–†–ò–ú–ê: 80 –õ–ï–¢ –û–°–í–û–ë–û–ñ–î–ï–ù–ò–ï  –ë–ï–õ–û–†–£–°–ò –û–¢ –ù–ê–¶–ò–°–¢–û–í !,2024-07-03 21:14:30+03:00,–ò–Ω—Ç–µ—Ä–≤—å—é
–¢-22-–°–† —Å–æ–≤–µ—Ç—Å–∫–∏–π –∫–æ–ª–ª–µ–∫—Ü–∏–æ–Ω–Ω—ã–π —Ç–∞–Ω–∫ X —É—Ä–æ–≤–Ω—è. –°—Ç–æ–∏—Ç –ª–∏ –µ–≥–æ –ø–æ–∫—É–ø–∞—Ç—å ?,2022-06-19 17:02:13+03:00,–í–∏–¥–µ–æ–∏–≥—Ä—ã
–ö–∞–∫ –¥–æ—Å—Ç–∞—Ç—å –≤–∞—Ç—É –∏–∑ —É—Ö–∞,2023-08-27 12:49:26+03:00,–†–∞–∑–Ω–æ–µ
Can You Escape The 100 Room 15 Level 1 - 50 Full Game Walkthrough 100 Room XV,2023-07-17 11:01:36+03:00,–†–∞–∑–Ω–æ–µ
¬´–ù–∞—à–∏ –∏–Ω–æ—Å—Ç—Ä–∞–Ω—Ü—ã¬ª. –í—ã–ø—É—Å–∫ –æ—Ç 26.09.2022,2022-09-26 18:03:26+03:00,–°–ø–æ—Ä—Ç
"–ë—É–º–∞–∂–Ω—ã–π –¥–æ–º. 3 —Å–µ–∑–æ–Ω, 6 —Å–µ—Ä–∏—è",2024-02-17 16:41:43+03:00,–°–µ—Ä–∏–∞–ª—ã
–û—Ç–ø—Ä–∞–≤—å —Å–≤–æ–µ–π bestie‚ù§Ô∏è,2024-01-21 21:10:13+03:00,–Æ–º–æ—Ä
–õ—ë–¥ 3 (2024) —Ç—Ä–µ–π–ª–µ—Ä,2024-02-19 23:11:50+03:00,–§–∏–ª—å–º—ã
–°—Ç–æ —à–∞–≥–æ–≤ –≤ –æ–±–ª–∞–∫–∞—Ö (1973) —Ä–µ–∂–∏—Å—Å—ë—Ä –ê–ª–µ–∫—Å–∞–Ω–¥—Ä –ö–æ—Å–∞—Ä–µ–≤,2014-12-10 18:29:59+03:00,–§–∏–ª—å–º—ã
"–ó–∞–∫—Ä—ã—Ç–∏–µ —Å–±–æ—Ä–∞ –Æ–ª–∏–∏ –ë–∞—Ä–∞–Ω–æ–≤—Å–∫–æ–π ""–ñ–µ–Ω—â–∏–Ω—ã –î–æ–Ω–±–∞—Å—Å–∞""",2022-11-17 16:44:04+03:00,–õ–∞–π—Ñ—Å—Ç–∞–π–ª
–î–∞–≤–∞–π—Ç–µ —Ä–∏—Å–æ–≤–∞—Ç—å! –õ–µ—Ç–∏–º –∫ –∑–≤–µ–∑–¥–∞–º,2015-04-02 21:00:26+03:00,–¢–µ–ª–µ–ø–µ—Ä–µ–¥–∞—á–∏
üîß –ö–∞–∫ –ü–û–ß–ò–°–¢–ò–¢–¨ —Å–≤–µ—á—É –¢–†–ò–ú–ú–ï–†–ê –æ—Ç –Ω–∞–≥–∞—Ä–∞? üíØ –ü—Ä–æ—Å—Ç–æ–π —Å–ø–æ—Å–æ–±!,2024-07-09 21:03:57+03:00,–õ–∞–π—Ñ—Å—Ç–∞–π–ª
–°–¥–µ–ª–∞–π –≥–ª—É–ø–æ–≥–æ –ª–æ—Å–æ—Å—è,2017-12-28 16:45:36+03:00,–Æ–º–æ—Ä
–£–≥–∞–¥–∞–π –ú–û–ù–°–¢–†–ê –ø–æ –∑–≤—É–∫—É –≤ –ú–ê–ô–ù–ö–†–ê–§–¢ ! –°–ò–ù–ò–ô –ò–ó –†–ê–î–£–ñ–ù–´–• –î–†–£–ó–ï–ô –î–û–ö–¢–û–† –õ–ò–í–°–ò –ú–û–ü–° –ì–£–°–ï–ù–ò–¶–ê #7,2022-11-26 11:00:09+03:00,–í–∏–¥–µ–æ–∏–≥—Ä—ã
–í—ã–∂–∏—Ç—å –≤ –î—É–±–∞–µ: –í–æ–∑–≤—Ä–∞—â–µ–Ω–∏–µ - 5 –≤—ã–ø—É—Å–∫,2024-07-14 18:01:05+03:00,–¢–µ–ª–µ–ø–µ—Ä–µ–¥–∞—á–∏
–†–û–ª–ª–ª–ª—ã,2024-07-11 22:40:20+03:00,–ú—É–ª—å—Ç—Ñ–∏–ª—å–º—ã
"–°–ª–µ–¥–æ–≤–∞—Ç–µ–ª—å –ü—Ä–æ—Ç–∞—Å–æ–≤, —Ñ–∏–ª—å–º 5. –£—Å—Ç–∞–Ω–æ–≤–∏—Ç—å –ª–∏—á–Ω–æ—Å—Ç—å. –ß–∞—Å—Ç—å –≤—Ç–æ—Ä–∞—è.",2021-03-25 08:34:55+03:00,–°–µ—Ä–∏–∞–ª—ã
–ö–∞–∫ –ø—Ä–æ–π—Ç–∏ —Å—Ç—Ä–∞—Ö –¥–≤–æ–π–Ω–æ–≥–æ –ø—Ä—ã–∂–∫–∞ –ü—Ä–∏–≤–µ—Ç –°–æ—Å–µ–¥ | Hello Neighbor Double Jump,2022-02-05 10:00:10+03:00,–í–∏–¥–µ–æ–∏–≥—Ä—ã
üíó–¢–ê–ù–¶–£–ô –ï–°–õ–ò –ó–ù–ê–ï–®–¨ –≠–¢–û–¢ –¢–†–ï–ù–î 2024üíó,2024-02-04 06:22:02+03:00,–†–∞–∑–Ω–æ–µ
"Family and Friends 1, Unit  11 (I like monkeys)",2023-10-11 16:14:30+03:00,–î–µ—Ç—è–º
–ö—Ä–æ–≤–∞–≤–æ-–∫—Ä–∞—Å–Ω–æ–µ –Ω–µ–±–æ | Blood Red Sky (2021),2023-12-01 10:57:27+03:00,–§–∏–ª—å–º—ã
"–ì–∞—Ä–æ–ª—å–¥ –∏ –≤–æ–ª—à–µ–±–Ω—ã–π –º–µ–ª–æ–∫. –†—É—Å—Å–∫–∏–π —Ç—Ä–µ–π–ª–µ—Ä #2 (–î—É–±–ª—è–∂, 2024) –§—ç–Ω—Ç–µ–∑–∏, –∫–æ–º–µ–¥–∏—è",2024-05-23 19:52:22+03:00,–§–∏–ª—å–º—ã
"–ù–∞ —Ä–∏—Å. –∏–∑–æ–±—Ä–∞–∂–µ–Ω—ã –≥—Ä–∞—Ñ–∏–∫–∏ —Ñ—É–Ω–∫—Ü–∏–π f(x)=k/x –∏ g(x)=ax+b, –∫–æ—Ç. –ø–µ—Ä–µ—Å. –≤ —Ç-–∫–∞—Ö –ê(‚àí2; ‚àí3) –∏ –í(ùë•0; ùë¶0).",2023-09-06 15:20:00+03:00,–†–∞–∑–Ω–æ–µ
–î–û–ú–ê–®–ù–ò–ï –ì–û–õ–£–ë–¶–´. –ü–æ—Ç—Ä—è—Å–∞—é—â–∏–π —Ä–µ—Ü–µ–ø—Ç –æ—á–µ–Ω—å –≤–∫—É—Å–Ω—ã—Ö –≥–æ–ª—É–±—Ü–æ–≤. –¢–µ–ø–µ—Ä—å –≥–æ—Ç–æ–≤–ª—é —Ç–æ–ª—å–∫–æ —Ç–∞–∫!,2023-06-30 21:29:31+03:00,–†–∞–∑–Ω–æ–µ
—Å–æ–ª—è–Ω–∫–∞ –∫–∞–∫ –ø—Ä–∞–≤–∏–ª—å–Ω–æ –ø—Ä–∏–≥–æ—Ç–æ–≤–∏—Ç—å –ø–æ –¥–æ–º–∞—à–Ω–µ–º—É –±—ã—Å—Ç—Ä–æ –∏ –≤–∫—É—Å–Ω–æ,2022-10-30 08:39:09+03:00,–ï–¥–∞
–¢–∞—Ç—å—è–Ω–∞ –ö—É—Ä—Ç—É–∫–æ–≤–∞ ‚Äî –∫–∞–∫ ¬´–ú–∞—Ç—É—à–∫–∞-–∑–µ–º–ª—è¬ª –ø–æ–∫–æ—Ä–∏–ª–∞ –∏–Ω—Ç–µ—Ä–Ω–µ—Ç –∏ –ø–æ—á–µ–º—É –µ–µ –Ω–∞–∑—ã–≤–∞—é—Ç ¬´–®–∞–º–∞–Ω–æ–º –≤ —é–±–∫–µ¬ª,2024-04-25 08:55:00+03:00,–ò–Ω—Ç–µ—Ä–≤—å—é
"–£–∑–Ω–∞–µ–º –ö—Ä–∞—Å–Ω–æ–¥–∞—Ä –±–ª–∏–∂–µ: –≤–º–µ—Å—Ç–µ —Å –∏—Å—Ç–æ—Ä–∏–∫–æ–º, –∫—Ä–∞–µ–≤–µ–¥–æ–º –∏ —ç–∫—Å–∫—É—Ä—Å–æ–≤–æ–¥–æ–º –≤ —à–æ—É ¬´18+¬ª",2023-09-27 17:03:32+03:00,–ü—É—Ç–µ—à–µ—Å—Ç–≤–∏—è
–£—á–µ–Ω–∏—è –ø–æ –ê–¢–ó_1,2023-08-25 12:31:50+03:00,–†–∞–∑–≤–ª–µ—á–µ–Ω–∏—è
–ü–æ—á–µ–º—É –º–æ–≥—É—Ç –Ω–µ –≤—ã—Ä–∞—Å—Ç–∏ –≤–æ–ª–æ—Å—ã?,2024-06-04 21:25:56+03:00,–ó–¥–æ—Ä–æ–≤—å–µ
–û–Ω –æ—Ö–æ—Ç–∏–ª—Å—è –Ω–∞ –º–∞–ª–µ–Ω—å–∫–∏—Ö –¥–µ–≤–æ—á–µ–∫... –¶–£–¢–û–ú–£ –ú–ò–Ø–î–ó–ê–ö–ò - –Ø–ø–æ–Ω—Å–∫–∏–π —Å–µ—Ä–∏–π–Ω—ã–π —É–±–∏–π—Ü–∞,2023-07-24 14:19:10+03:00,–†–∞–∑–Ω–æ–µ
"–ù–µ–æ–±—ä—è—Å–Ω–∏–º–æ, –Ω–æ —Ñ–∞–∫—Ç  105  –¢–∞–π–Ω–∞ –∏–º–µ–Ω–∏",2016-02-05 13:00:49+03:00,–¢–µ–ª–µ–ø–µ—Ä–µ–¥–∞—á–∏
2024-04-14 02.05.31,2024-04-14 03:07:36+03:00,–õ–∞–π—Ñ—Å—Ç–∞–π–ª
–ú–µ—Ä—Ç–≤–æ–µ –æ–∑–µ—Ä–æ –ö–∞–∑–∞—Ö—Å—Ç–∞–Ω–∞. –¢–∞–π–Ω–∞ –∏ –ª–µ–≥–µ–Ω–¥–∞ —É–Ω–∏–∫–∞–ª—å–Ω–æ–≥–æ –º–µ—Å—Ç–∞,2023-07-08 16:27:12+03:00,–†–∞–∑–Ω–æ–µ
–ï—Å—Ç—å –ª–∏ –∂–∏–∑–Ω—å –ø–æ—Å–ª–µ –°–ú–ï–†–¢–ò? –®–æ–∫–∏—Ä—É—é—â–µ–µ –∏—Å—Å–ª–µ–¥–æ–≤–∞–Ω–∏–µ,2021-09-13 16:57:17+03:00,UNKNOWN
–û—Ç–¥–µ–ª–∫–∞ —Å—Ç–µ–Ω –≤ –≤–∞–Ω–Ω–æ–π  –ø–ª–∞—Å—Ç–∏–∫–æ–≤—ã–º–∏ –ø–∞–Ω–µ–ª—è–º–∏. –ù–µ–¥–æ—Ä–æ–≥–æ–π —Ä–µ–º–æ–Ω—Ç –≤ –≤–∞–Ω–Ω–æ–π —Å–≤–æ–∏–º–∏ —Ä—É–∫–∞–º–∏!.,2022-04-09 17:42:08+03:00,–°—Ç—Ä–æ–∏—Ç–µ–ª—å—Å—Ç–≤–æ –∏ —Ä–µ–º–æ–Ω—Ç
–ö–ê–ö –í–´–í–û–î–ò–¢–¨ –î–ï–ù–¨–ì–ò –° DONATION ALERTS –ù–ê QIWI –ö–û–®–ï–õ–ï–ö!?–£–î–û–ë–ù–´–ô –ò –û–ß–ï–ù–¨ –ë–´–°–¢–†–´–ô –°–ü–û–°–û–ë.,2023-09-08 09:53:27+03:00,–†–∞–∑–Ω–æ–µ
"–¶–∞—Ä—Å—Ç–≤–æ –ø–∞–¥–∞–ª—å—â–∏–∫–æ–≤ —Å–µ—Ä–∏—è 7 ¬´–õ–µ–∫–∞—Ä—Å—Ç–≤–æ¬ª (–º—É–ª—å—Ç—Å–µ—Ä–∏–∞–ª, 2023)",2023-11-12 22:46:40+03:00,–°–µ—Ä–∏–∞–ª—ã
"–Ü–¥–µ–∞–ª—å–Ω–µ —Ç—ñ—Å—Ç–æ –¥–ª—è –ø–µ–ª—å–º–µ–Ω—ñ–≤ —Ç–∞ –≤–∞—Ä–µ–Ω–∏–∫—ñ–≤, –±–µ–∑ –¥–æ–¥–∞–≤–∞–Ω–Ω—è —è—î—Ü—å. –ì–æ—Ç—É—é –∑–∞–º—ñ—Å—Ç—å  –º–µ–¥–∏—Ç–∞—Ü—ñ—ó",2023-03-02 14:36:09+03:00,–ï–¥–∞
"–û–∫–µ–π, –ì—É–≥–ª. –Ø –≥–¥–µ? ",2018-03-24 01:20:10+03:00,–Æ–º–æ—Ä
–†—É—Å—Ç–∞–≤–µ–ª–∏ –õ–µ–∑–≥–∏–Ω–∫–∞ 2023 –ü–∞—Ä–Ω–∏ –¢–∞–Ω—Ü—É—é—Ç –°—É–ø–µ—Ä –ß–µ—á–µ–Ω—Å–∫–∞—è –®–∏–±–∞–±–∞ –†–∏–±–∞–±–∞ Music ALISHKA Dance –¢–±–∏–ª–∏—Å–∏,2023-02-15 21:51:27+03:00,–õ–∞–π—Ñ—Å—Ç–∞–π–ª
–ö–∞–∫ –ø–æ–Ω—è—Ç—å —á—Ç–æ –æ—Ç–Ω–æ—à–µ–Ω–∏—è —Å–µ–±—è –∏–∑–∂–∏–ª–∏? / –¢–µ—Å—Ç –¥–ª—è –ø–∞—Ä—ã / –ö—Ä–∏–∑–∏—Å—ã –≤ –æ—Ç–Ω–æ—à–µ–Ω–∏—è—Ö –ø–æ –≥–æ–¥–∞–º / –ß—Ç–æ –≤–∞—Å –∂–¥–µ—Ç,2020-12-17 11:57:30+03:00,–ü—Å–∏—Ö–æ–ª–æ–≥–∏—è
"–ö–∞–∫ —É—Å—Ç—Ä–∞–Ω–∏—Ç—å –æ—à–∏–±–∫—É X-Ray Engine 1.6 –≤ S.T.A.L.K.E.R.: –ó–æ–≤ –ü—Ä–∏–ø—è—Ç–∏ (Crash, –í—ã–ª–µ—Ç—ã –∏ —Ç.–¥.)",2023-10-27 20:39:05+03:00,–†–∞–∑–Ω–æ–µ
–ë–∞–∑–∞ –æ—Ç–¥—ã—Ö–∞ –¢–æ–Ω—É—Å –Ω–∞ –ö–∞–Ω–¥—Ä—ã–∫—É–ª–µ,2023-07-09 12:25:02+03:00,–†–∞–∑–Ω–æ–µ
–°–≤–∏–Ω–∏–Ω–∞ –≤ –º–æ–ª–æ–∫–µ –Ω–∞ —Å–∫–æ–≤–æ—Ä–æ–¥–µ,2023-08-08 16:52:29+03:00,–ï–¥–∞
–ì–†–ï–ù–ù–ò –∏ –ì—Ä–µ–Ω–¥–ø–∞ –í –†–ï–ê–õ–¨–ù–û–ô –ñ–ò–ó–ù–ò –ø—Ä–æ—Ç–∏–≤ –ü–†–ò–í–ï–¢ –°–û–°–ï–î –≤ –õ–ï–°–£! GRANNY and GRANDPA,2021-06-09 18:37:20+03:00,–í–∏–¥–µ–æ–∏–≥—Ä—ã
–¢–∞—Ä–∏—Ñ—ã | –û–ì–≠ –ø–æ –º–∞—Ç–µ–º–∞—Ç–∏–∫–µ 2022,2023-09-14 08:59:44+03:00,–†–∞–∑–Ω–æ–µ
"–ê–≥—Ä–æ—É—Å–∞–¥—å–±–∞ , –∞–≥—Ä–æ—Ç—É—Ä–∏—Å—Ç–∏—á–µ—Å–∫–∏–π –∫–æ–º–ø–ª–µ–∫—Å ¬´–ö–æ—Ä–æ–±—á–∏—Ü—ã¬ª  –ø–æ–¥ –ì—Ä–æ–¥–Ω–æ. –°–µ–º–µ–π–Ω—ã–π –æ—Ç–¥—ã—Ö. –ó–æ–æ–ø–∞—Ä–∫.",2023-07-19 09:49:08+03:00,–†–∞–∑–Ω–æ–µ
–ù–æ–≤–æ–∫—É–∑–Ω–µ—Ü–∫. –ñ–∏–∑–Ω—å —Å–≤–æ–∏—Ö. –í—ã–ø—É—Å–∫ –æ—Ç 29.10.2023,2023-10-29 12:59:27+03:00,–ü—É—Ç–µ—à–µ—Å—Ç–≤–∏—è
"–£–ª—å—Ç—Ä–∞–º–µ–Ω: –ü—É—Ç—å –∫ –≤–µ—Ä—à–∏–Ω–µ ‚Äî –†—É—Å—Å–∫–∏–π —Ç—Ä–µ–π–ª–µ—Ä, 2024",2024-07-23 13:51:50+03:00,–ú—É–ª—å—Ç—Ñ–∏–ª—å–º—ã
–ò–Ω–¥—É–∫—Ü–∏–æ–Ω–Ω—ã–π –Ω–∞–≥—Ä–µ–≤–∞—Ç–µ–ª—å Forsage IH1500W. –û–±–∑–æ—Ä –≤–Ω—É—Ç—Ä–µ–Ω–Ω–æ—Å—Ç–µ–π. –ù–µ —Ä–µ–º–æ–Ω—Ç.,2023-02-27 12:19:31+03:00,–°—Ç—Ä–æ–∏—Ç–µ–ª—å—Å—Ç–≤–æ –∏ —Ä–µ–º–æ–Ω—Ç
–ú–∞—à–∞ –∏ –ú–µ–¥–≤–µ–¥—å –ö—É–±–æ–∫,2022-08-02 09:48:18+03:00,–í–∏–¥–µ–æ–∏–≥—Ä—ã
–ò–ì–†–ê –î–û–í–ï–õ–ê –î–û –°–õ–ï–ó ‚ñ∫ CATS: Crash Arena Turbo Stars |11|,2019-11-06 19:04:03+03:00,UNKNOWN
"–í—ã–¥–∞–≤–ª–∏–≤–∞–Ω–∏–µ –ø—Ä—ã—â–µ–π,–ø–æ–¥–±–æ—Ä–∫–∞ –∏–∑ –¢–∏–∫ –¢–æ–∫–∞ #¬π",2022-07-19 16:45:14+03:00,–õ–∞–π—Ñ—Å—Ç–∞–π–ª
–≠—Ñ—Ñ–µ–∫—Ç–∏–≤–Ω—ã–π —Å–ø–æ—Å–æ–± –∏–∑–±–∞–≤–∏—Ç—å—Å—è –æ—Ç –º—É—Ç–Ω–æ–π –≤–æ–¥—ã –≤ –±–∞—Å—Å–µ–π–Ω–µ.,2023-11-14 03:07:07+03:00,–†–∞–∑–Ω–æ–µ
"–ü—Ä–∏–∫–ª—é—á–µ–Ω–∏—è –¢–∞–π–æ, 4 —Å–µ–∑–æ–Ω, 8 —Å–µ—Ä–∏—è. –ú—ã –ª—é–±–∏–º —Å–∫–∞–∑–∫–∏",2024-04-16 11:10:39+03:00,–ú—É–ª—å—Ç—Ñ–∏–ª—å–º—ã
PS4 DarkSiders Genesis –ì–ª–∞–≤–∞ 4 –õ–µ–¥—è–Ω–∞—è –ü–µ—â–µ—Ä–∞ –ü—Ä–æ—Ö–æ–∂–¥–µ–Ω–∏–µ,2023-02-18 17:25:58+03:00,–í–∏–¥–µ–æ–∏–≥—Ä—ã
–ß—Ç–æ —Ç–∞–∫–æ–µ –ì—Ä—ç–ø–ø–ª–∏–Ω–≥ ?,2023-09-04 14:37:30+03:00,–†–∞–∑–Ω–æ–µ
–ö–∞–∫ —Å–¥–µ–ª–∞—Ç—å –≤—Ç–æ—Ä–æ–π –º–æ–Ω–∏—Ç–æ—Ä –∏–∑ —Å—Ç–∞—Ä–æ–≥–æ Android –ø–ª–∞–Ω—à–µ—Ç–∞ –¥–ª—è Windows,2024-05-17 10:56:45+03:00,–¢–µ—Ö–Ω–æ–ª–æ–≥–∏–∏ –∏ –∏–Ω—Ç–µ—Ä–Ω–µ—Ç
–ú—É–∂—Å–∫–æ–µ / –ñ–µ–Ω—Å–∫–æ–µ. –í—ã–ø—É—Å–∫ –æ—Ç¬†17.01.2023 (–ø–æ—Å–ª–µ–¥–Ω–∏–π –≤—ã–ø—É—Å–∫ —Å–µ–≥–æ–¥–Ω—è),2023-01-17 11:49:06+03:00,–¢–µ–ª–µ–ø–µ—Ä–µ–¥–∞—á–∏
–°–∫—É–±–∏ –¥—É! _ –ñ—É—Ç–∫–∏–µ –≤—Å—Ç—Ä–µ—á–∏,2023-09-24 15:55:39+03:00,–õ–∞–π—Ñ—Å—Ç–∞–π–ª
–¢–†–ï–ô–õ–ï–† –ù–ê –ú–û–Å–ú –ö–ê–ù–ê–õ–ï,2022-10-25 22:09:41+03:00,–í–∏–¥–µ–æ–∏–≥—Ä—ã
–ì–æ—à–∞ –±–æ–ª—å—à–µ –Ω–µ —Ö–æ—á–µ—Ç.–ù–∞–∑–≤–∞–Ω–∏–µ:–ü–∏–Ω–≥–≤–∏–Ω—ã –º–æ–µ–π –º–∞–º—ãüêß,2024-05-02 19:07:25+03:00,–§–∏–ª—å–º—ã
¬´–ß–∞–π –≤–¥–≤–æ—ë–º¬ª ‚Äî ¬´SMS¬ª (–ê–≤—Ç–æ—Ä: –ù–∏–∫–æ–ª–∞–π –í–æ—Ä–æ–Ω–æ–≤) | –ö–æ–Ω—Ñ–µ—Ç–∫–∞,2024-02-11 10:00:07+03:00,–¢–µ–ª–µ–ø–µ—Ä–µ–¥–∞—á–∏
–ì–£–î–ñ–ò–¢–°–£ –ú–æ—Ä—Å–∫–∞—è –ë–ï–ó–î–ù–ê. –ù–æ–≤–∞—è –∫–æ–ª–ª–µ–∫—Ü–∏—è GooJitZu Deep Goo Sea.,2023-12-12 15:15:55+03:00,–†–∞–∑–Ω–æ–µ
–°–∫—É–±–∏-–î—É –®–æ—É ‚Äì 2 —Å–µ–∑–æ–Ω 4 —Å–µ—Ä–∏—è ¬´–õ–µ–¥–µ–Ω—è—â–∏–π –¥—É—à—É —Ç—Ä–∏–ª–ª–µ—Ä¬ª / The Scooby-Doo Show,2024-06-14 16:36:06+03:00,–°–µ—Ä–∏–∞–ª—ã
–ö–∞–∫ –ø—Ä–∏–≥–æ—Ç–æ–≤–∏—Ç—å –°–∞–ª—å—Ç–∏—Å–æ–Ω –∏–∑ —Å–≤–∏–Ω–æ–π –≥–æ–ª–æ–≤—ã –≤ –∂–µ–ª—É–¥–∫–µ.–ó–µ–ª—å—Ü –∏–∑ —Å–≤–∏–Ω–æ–π –≥–æ–ª–æ–≤—ã(—Å–∞–ª—å—Ç–∏—Å–æ–Ω),2023-07-03 15:23:06+03:00,–†–∞–∑–Ω–æ–µ
"–ú–æ–¥–Ω—ã–µ –∏–≥—Ä—ã, 3 —Å–µ–∑–æ–Ω, 7 –≤—ã–ø—É—Å–∫",2023-05-06 10:00:07+03:00,–¢–µ–ª–µ–ø–µ—Ä–µ–¥–∞—á–∏
"""–§—Ä–∞–Ω–∫–µ–Ω—à—Ç–µ–π–Ω"" —Å –ë–µ–π–ª–æ–º, —Ä–µ–∫–æ—Ä–¥—ã ""–ë–∞—Ä–±–∏"", ""–û–ø–ø–µ–Ω–≥–µ–π–º–µ—Ä"" –≤ –†–æ—Å—Å–∏–∏",2023-08-07 15:32:33+03:00,–§–∏–ª—å–º—ã
–õ—ã–∂–Ω—ã–π ‚Ññ1: –£—Å—Ç–∞–Ω–æ–≤–∫–∞ –∫—Ä–µ–ø–ª–µ–Ω–∏–π Fischer Turnamic IFP,2023-08-22 13:28:24+03:00,–†–∞–∑–Ω–æ–µ
–ü–†–û–°–¢–´–ï –ß–£–î–ï–°–ê —Å –ü–∞–≤–ª–æ–º –ê—Å—Ç–∞—Ö–æ–≤—ã–º,2023-09-28 14:35:42+03:00,–†–∞–∑–Ω–æ–µ
bigo live Hinata hot teen üçëüîûüçëüçë,2023-12-27 03:17:40+03:00,–†–∞–∑–Ω–æ–µ
–§–ù–ê–§ –ê–ù–¢–ò–°–¢–†–ï–°–° –¢–Ø–ù–£–ß–ö–ò –ì–£–î–ñ–ò–¢–°–£ FNAF GooJitZu –ê–ù–ò–ú–ê–¢–†–û–ù–ò–ö–ò,2022-11-29 11:00:07+03:00,–†–∞–∑–≤–ª–µ—á–µ–Ω–∏—è
–ö–æ–ª–æ–±–∞–Ω–≥–∞ 23 —Å–µ—Ä–∏—è - –°–ø–∞–º –∞—Ç–∞–∫–∞,2023-11-04 22:32:38+03:00,–†–∞–∑–Ω–æ–µ
–≠–∫—Å—Ç—Ä–∞—Å–µ–Ω—Å—ã. –ë–∏—Ç–≤–∞ –°–∏–ª—å–Ω–µ–π—à–∏—Ö. 61 –í—ã–ø—É—Å–∫ 02.12.2023. –¢–µ–ª–µ—à–æ—É –∫–∞–Ω–∞–ª–∞ –¢–ù–¢. –°–º–æ—Ç—Ä–µ—Ç—å –æ–Ω–ª–∞–π–Ω,2023-12-02 17:06:41+03:00,–¢–µ–ª–µ–ø–µ—Ä–µ–¥–∞—á–∏
7 –°–ú–ï–†–¢–ù–´–• –ì–†–ï–•–û–í –î–¨–Æ–°–ê!? Monster High G3 Deuce Gorgon,2023-06-22 05:09:28+03:00,–†–∞–∑–≤–ª–µ—á–µ–Ω–∏—è
–†—É—Å—Å–∫–∏–π –°—Ç–∏–ª–ª—å -–ï–∫–∞—Ç–µ—Ä–∏–Ω–∞ –î–µ–Ω–∏—Å–æ–≤–∞- –ö–æ–Ω—Ü–µ—Ä—Ç –≤ –ö—Ä–∞—Å–Ω–æ–º–∞–π—Å–∫–æ–º 2019.mp4,2022-04-28 23:49:45+03:00,–ú—É–∑—ã–∫–∞
–ö–∞–∫ –æ—Ç—Ä–µ–º–æ–Ω—Ç–∏—Ä–æ–≤–∞—Ç—å –±—Ä—é–∫–∏ –∏–∑ —Ç–∫–∞–Ω–∏ –≤–µ–ª—å–≤–µ—Ç,2023-09-11 11:39:41+03:00,–†–∞–∑–Ω–æ–µ
"–ö–∞–¥–æ–Ω–∏ —à–æ—É, 2 —Å–µ–∑–æ–Ω, 10 –≤—ã–ø—É—Å–∫",2024-04-23 02:15:05+03:00,–¢–µ–ª–µ–ø–µ—Ä–µ–¥–∞—á–∏
"#–ö–ê–ó–ê–•–°–ö–ò–ô –ë–û–ï–í–ò–ö –ù–ê –†–£–°–°–ö–û–ú ""–†–ï–ì–ò–û–ù 13"" –∑–∞—Ö–≤–∞—Ç—ã–≤–∞—é—â–∏–π –∫—Ä–∏–º–∏–Ω–∞–ª—å–Ω—ã–π —Ñ–∏–ª—å–º –ö–õ–ê–°–°",2024-05-02 13:19:48+03:00,–†–∞–∑–Ω–æ–µ
–ò–ö–ï–ê  |–ë–ê–õ–ò –§–†–ò–ö–ê–î–ï–õ–¨–ö–ò| IKEA,2024-03-18 11:08:38+03:00,–õ–∞–π—Ñ—Å—Ç–∞–π–ª
–ß–¢–û –≠–¢–û –¢–´ –ö–£–ü–ò–õ? –ö–∞—Ç—è –∏ –ú–∞–∫—Å –≤–µ—Å–µ–ª–∞—è —Å–µ–º–µ–π–∫–∞ —Å–º–µ—à–Ω–æ–π —Å–µ—Ä–∏–∞–ª –∫—É–∫–ª—ã –±–∞—Ä–±–∏ –î–∞—Ä–∏–Ω–µ–ª–∫–∞,2022-05-17 12:59:28+03:00,–î–µ—Ç—è–º
"–ö–∞–∫ —É—Å—Ç–∞–Ω–æ–≤–∏—Ç—å –ø–æ–¥–ø–∏—Å—å, –ø–µ—á–∞—Ç—å –∏ –ª–æ–≥–æ—Ç–∏–ø –Ω–∞ –¥–æ–∫—É–º–µ–Ω—Ç –≤ 1–°:–ë–ü.",2023-09-08 20:07:42+03:00,–†–∞–∑–Ω–æ–µ
"–ö–∞—Ä–∫–∞—Å–Ω—ã–π –¥–æ–º —Å–≤–æ–∏–º–∏ —Ä—É–∫–∞–º–∏. –ß4. –°–±–æ—Ä–∫–∞ —Å—Ç–µ–Ω, –≤–∞—Ä–∏–∞–Ω—Ç 1-–π. –°—Ç—Ä–æ–π –∏ –ñ–∏–≤–∏.",2023-08-23 17:06:33+03:00,–†–∞–∑–Ω–æ–µ
–ö–∞–∫ –ª–µ–≥–∫–æ –∏ –ø—Ä–æ—Å—Ç–æ –ø–æ–º–µ–Ω—è—Ç—å –∏–º—è –ø–æ–ª—å–∑–æ–≤–∞—Ç–µ–ª—è –≤ windows 10,2023-09-03 13:08:14+03:00,–†–∞–∑–Ω–æ–µ
"–ü—Ä–∞–≤–¥–∞ –æ —Å–µ–∫—Å–µ. –ù–∞—Ç–∞–ª—å—è –§–æ–º–∏—á–µ–≤–∞ –ø—Ä–æ –∏–ª–ª—é–∑–∏–∏ –æ —Å–µ–∫—Å–µ, –≤—Ä–µ–¥ –ø–æ—Ä–Ω–æ, —Å–Ω–∏–∂–µ–Ω–∏–µ –ª–∏–±–∏–¥–æ –∏ –∏–∑–º–µ–Ω—ã",2024-02-27 11:40:42+03:00,–ò–Ω—Ç–µ—Ä–≤—å—é
"2Young - ""Serendipity""¬†(–û–°–¢ –∏–∑ –¥–æ—Ä–∞–º—ã –ù–∞—Å–ª–µ–¥–Ω–∏–∫–∏) —Ä—É—Å.—Å—É–±",2024-04-16 19:41:11+03:00,–†–∞–∑–Ω–æ–µ
–°–≤–∏–Ω–∫–∞ –ü–µ–ø–ø–∞   —Å–±–æ—Ä–Ω–∏–∫ —ç–ø–∏–∑–æ–¥ 6! 45 –º–∏–Ω—É—Ç mp4,2024-04-22 07:33:26+03:00,–†–∞–∑–Ω–æ–µ
–ü–ï–†–ï–ó–ê–ì–†–£–ó–ö–ê iPhone X –ü—Ä–æ—Å—Ç–∞—è –≠–∫—Å—Ç—Ä–µ–Ω–Ω–∞—è –∏ –ë–ï–ó –ö–ù–û–ü–û–ö,2023-09-20 20:03:47+03:00,–†–∞–∑–Ω–æ–µ
Naked Attraction S02E07,2023-11-21 17:03:23+03:00,–†–∞–∑–Ω–æ–µ
–¢–∞–∫–∞—è —Ä–∞–±–æ—Ç–∞ | 2 —Å–µ–∑–æ–Ω | 34 —Å–µ—Ä–∏—è | –°—É–Ω–¥—É–∫ –º–µ—Ä—Ç–≤–µ—Ü–∞,2021-03-26 02:42:18+03:00,–°–µ—Ä–∏–∞–ª—ã
–í—Å–µ–º –ª–µ—Ç—Å –•–û–£! –ß–∞—Å—Ç—å 2,2019-10-26 15:17:22+03:00,–Æ–º–æ—Ä
–°–µ–∫—Ä–µ—Ç—ã —Å–µ–º–µ–π–Ω–æ–π –∂–∏–∑–Ω–∏ 2 | –û—Ä–∏–≥–∏–Ω–∞–ª—å–Ω—ã–π –ø—Ä–æ–µ–∫—Ç KION | –¢—Ä–µ–π–ª–µ—Ä,2022-10-17 16:30:57+03:00,–°–µ—Ä–∏–∞–ª—ã
–ú–æ–∂–Ω–æ –ª–∏ –º–æ—Ä–æ–∑–∏—Ç—å –±–∞–Ω–∞–Ω—ã –∏ —á—Ç–æ —Å –Ω–∏–º–∏ –¥–µ–ª–∞—Ç—å –¥–∞–ª—å—à–µ - 4 —Å–ø–æ—Å–æ–±–∞ –æ—Ç–ø—Ä–∞–≤–∏—Ç—å –±–∞–Ω–∞–Ω—ã –≤ –º–æ—Ä–æ–∑–∏–ª–∫—É,2023-07-04 20:24:56+03:00,–†–∞–∑–Ω–æ–µ
–ù–µ –≤—Å–µ —Ñ–æ—Ç–æ–≥—Ä–∞—Ñ–∏–∏ –æ—Ç–æ–±—Ä–∞–∂–∞—é—Ç—Å—è –≤ –≥–∞–ª–µ—Ä–µ–µ Huawei –∏ Honor,2023-09-13 13:53:49+03:00,–†–∞–∑–Ω–æ–µ
–ü–æ–∏–ª–∫–∞ –¥–ª—è –∫–æ—à–µ–∫: –∞–≤—Ç–æ–º–∞—Ç–∏—á–µ—Å–∫–∏–π —Ñ–æ–Ω—Ç–∞–Ω—á–∏–∫ —Å–≤–æ–∏–º–∏ —Ä—É–∫–∞–º–∏,2023-10-06 12:35:53+03:00,–†–∞–∑–Ω–æ–µ
–°–ï–ö–†–ï–¢–ù–û–ï –î–û–ü–û–õ–ù–ï–ù–ò–ï ICE SCREAM 2 –ú–û–†–û–ñ–ï–ù–©–ò–ö —Å—Ç–∞–ª –î–ê–†–¢ –í–ï–ô–î–ï–†–û–ú –î–ï–õ–ê–Æ –ö–û–ù–¶–û–í–ö–£ –ö–û–¢–Å–ù–û–ö –í–ï–°–ù–£–®–ö–ê,2020-01-17 10:18:27+03:00,–í–∏–¥–µ–æ–∏–≥—Ä—ã
–ë–µ–∑ –ì–æ–ª–æ–≤—ã (–ì–æ—Ä–≥–æ–Ω—ã?),2024-03-13 13:48:43+03:00,–ù–∞—É–∫–∞
–°–∫—Ä—ã—Ç–æ–µ –ó–∞–¥–∞–Ω–∏–µ –ú–∏—Ä–∞ –∏ –º–Ω–æ–≥–æ –Ω–∞–≥—Ä–∞–¥ | –§–æ–Ω—Ç–µ–π–Ω | Genshin Impact,2023-08-18 02:14:38+03:00,–í–∏–¥–µ–æ–∏–≥—Ä—ã
–ì–æ–ª–∞—è –Ø–Ω–∞ –ö–æ—à–∫–∏–Ω–∞,2023-11-04 09:54:39+03:00,–†–∞–∑–Ω–æ–µ
–ë–∞–º–±—É–∫ –º–æ—Ä–æ–∑–æ—Å—Ç–æ–π–∫–∏–π! –ü—Ä–æ—Ä–µ–¥–∏–ª —Ä–æ—â—É. –û–±—â–∞—è –∏–Ω—Ñ–æ—Ä–º–∞—Ü–∏—è –æ –∫—É–ª—å—Ç—É—Ä–µ.,2023-07-07 17:13:05+03:00,–†–∞–∑–Ω–æ–µ
"–Ø –ø–æ–¥–∞—Ä–∏–ª 40 –º–∞—à–∏–Ω 40,000,000 –ø–æ–¥–ø–∏—Å—á–∏–∫—É!",2022-01-22 10:00:25+03:00,–†–∞–∑–≤–ª–µ—á–µ–Ω–∏—è
–ß–ò–°–õ–ê –Ω–∞ —Ç–∞—Ç–∞—Ä—Å–∫–æ–º —è–∑—ã–∫–µ / –°–ê–ù–ù–ê–† / NUMBERS,2022-04-16 17:15:42+03:00,–î–µ—Ç—è–º
–ü—Ä–æ–º–æ_–Ω–∞–ø—Ä–∞–≤–ª–µ–Ω–∏–µ –ü—Å–∏—Ö–æ–ª–æ–≥–æ-–ø–µ–¥–∞–≥–æ–≥–∏—á–µ—Å–∫–æ–µ –æ–±—Ä–∞–∑–æ–≤–∞–Ω–∏–µ.mp4,2022-06-22 07:41:05+03:00,–û–±—É—á–µ–Ω–∏–µ
"–õ–æ–≤—É—à–∫–∞ ‚Äî –†—É—Å—Å–∫–∏–π —Ç—Ä–µ–π–ª–µ—Ä #2 (–î—É–±–ª—è–∂, 2024)",2024-08-02 15:32:44+03:00,–§–∏–ª—å–º—ã
1000‚ÇΩ –ó–ê 100 –ö–õ–ò–ö–û–í - –ó–ê–†–ê–ë–û–¢–û–ö –í –ò–ù–¢–ï–†–ù–ï–¢–ï,2024-02-07 17:30:22+03:00,–õ–∞–π—Ñ—Å—Ç–∞–π–ª
"–£—à–ª–∞ –≤ –¥–µ–∫—Ä–µ—Ç –∏ –æ—Ç–∫—Ä—ã–ª–∞ –±–∏–∑–Ω–µ—Å, –Ω–µ –≤—ã—Ö–æ–¥—è –∏–∑ –¥–æ–º–∞",2024-05-21 17:30:47+03:00,–ë–∏–∑–Ω–µ—Å –∏ –ø—Ä–µ–¥–ø—Ä–∏–Ω–∏–º–∞—Ç–µ–ª—å—Å—Ç–≤–æ
–õ–µ–≥–∫–∏–π —Å–ø–æ—Å–æ–± —É—Å—Ç–∞–Ω–æ–≤–∫–∏ –ø–ª–∞–Ω–∫–∏ –≤–æ–¥–æ—Ä–æ–∑–µ—Ç–∫–∏ –ø–æ–¥ —Å–º–µ—Å–∏—Ç–µ–ª—å,2023-08-12 11:55:33+03:00,–†–∞–∑–Ω–æ–µ
"–ê–Ω–æ–Ω—Å —Ç–µ–ª–µ—Å–µ—Ä–∏–∞–ª–∞ ""–ö–∞–Ω—Ü–µ–ª—è—Ä—Å–∫–∞—è –∫—Ä—ã—Å–∞""",2018-09-20 19:31:56+03:00,UNKNOWN
–í–∏–¥–µ–ª–∏ –≤–∏–¥–µ–æ? –ß–∞—Å—Ç—å 1. –í—ã–ø—É—Å–∫ –æ—Ç 14.03.2021,2021-04-01 00:00:29+03:00,–¢–µ–ª–µ–ø–µ—Ä–µ–¥–∞—á–∏
"–û–≥—É—Ä–µ—Ü –æ–±—ã–∫–Ω–æ–≤–µ–Ω–Ω—ã–π –ü–æ–¥–º–æ—Å–∫–æ–≤–Ω—ã–µ –≤–µ—á–µ—Ä–∞ F1 üåø –æ–±–∑–æ—Ä: –∫–∞–∫ —Å–∞–∂–∞—Ç—å, —Å–µ–º–µ–Ω–∞ –æ–≥—É—Ä—Ü–∞ –ü–æ–¥–º–æ—Å–∫–æ–≤–Ω—ã–µ –≤–µ—á–µ—Ä–∞ F",2023-08-26 13:25:52+03:00,–†–∞–∑–Ω–æ–µ
–û–±–∑–æ—Ä –ª–∞–∑–µ—Ä–Ω–æ–≥–æ —É—Ä–æ–≤–Ω—è/–Ω–∏–≤–µ–ª–∏—Ä–∞ Firecore F94T-XG . –õ—É—á—à–∏–π –ª–∞–∑–µ—Ä–Ω—ã–π —É—Ä–æ–≤–µ–Ω—å –æ—Ç Firecore,2023-08-15 17:40:11+03:00,–†–∞–∑–Ω–æ–µ
–í—Å–µ —ç—Ç–∏ –Ω–∞–±–æ—Ä—ã –±—É–¥—É—Ç 24 —è–Ω–≤–∞—Ä—è –∑–∞ –º–∞–≥–∏—á–µ—Å–∫–∏–π –∫—É–± –≤ —Ñ—Ä–∏ —Ñ–∞–µ—Ä #freefire #—Ñ—Ä–∏—Ñ–∞–µ—Ä #ffshorts #azamm #ff,2024-01-19 17:00:51+03:00,–í–∏–¥–µ–æ–∏–≥—Ä—ã
–ö–ò–ë–ï–†–í–û–ô–ù–´ –í –í–ò–ö–ò–ü–ï–î–ò–ò,2019-06-10 18:39:30+03:00,UNKNOWN
–ú–∞–ª—ã—à –≤ –ñ–ï–õ–¢–û–ú –ü–†–ê–ó–î–ù–£–ï–¢ –ù–û–í–´–ô –ì–û–î! Baby in Yellow #2,2022-12-20 12:00:22+03:00,–í–∏–¥–µ–æ–∏–≥—Ä—ã
"–Ø—Ä–æ—Å–ª–∞–≤ –°—É–º–∏—à–µ–≤—Å–∫–∏–π - –í–µ—Ä–Ω–∏—Å—å, –õ—é–±–æ–≤—å (LIVE @ –ê–≤—Ç–æ—Ä–∞–¥–∏–æ)",2021-03-04 11:31:53+03:00,–ú—É–∑—ã–∫–∞
–°–æ–∑–¥–∞–Ω–∏–µ –¥–∏–¥–∞–∫—Ç–∏—á–µ—Å–∫–æ–π –∏–≥—Ä—ã –≤ Smart Notebook (—á–∞—Å—Ç—å 1),2023-09-22 11:32:33+03:00,–û–±—É—á–µ–Ω–∏–µ
–û—à–∏–±–∫–∞ E 4 —Å—Ç–∏—Ä–∞–ª—å–Ω–æ–π –º–∞—à–∏–Ω—ã Gorenje,2023-08-26 19:29:32+03:00,–†–∞–∑–Ω–æ–µ
–§–û–¢–û *****. –ö–ê–ö –°–ê–ú–û–°–¢–û–Ø–¢–ï–õ–¨–ù–û –°–î–ï–õ–ê–¢–¨ –ò –†–ê–°–ü–ï–ß–ê–¢–ê–¢–¨ | –ö–ê–ö –ù–ê–ü–ï–ß–ê–¢–ê–¢–¨ –ù–ê –ü–†–ò–ù–¢–ï–†–ï –§–û–¢–û –ù–ê –î–û–ö–£–ú–ï–ù–¢–´,2023-12-07 10:16:10+03:00,–†–∞–∑–Ω–æ–µ
"–†—É–ª–µ—Ç –∏–∑ –ª–∞–≤–∞—à–∞ —Å –Ω–∞—á–∏–Ω–∫–æ–π –∏–∑ –æ–≥—É—Ä—Ü–∞, –∫—Ä–∞–±–æ–≤—ã—Ö –ø–∞–ª–æ—á–µ–∫, —è–∏—Ü –∏ —Å—ã—Ä–∞",2023-06-23 20:26:51+03:00,–†–∞–∑–Ω–æ–µ
"–ú.–ò.–ì–ª–∏–Ω–∫–∞ ""–ü–∞—Ç—Ä–∏–æ—Ç–∏—á–µ—Å–∫–∞—è –ø–µ—Å–Ω—è""",2023-05-09 19:29:59+03:00,–ú—É–∑—ã–∫–∞
–õ—é–¥–∞ –ø–æ–≤—Å—é–¥—É! –ú—É–∂—Å–∫–æ–µ / –ñ–µ–Ω—Å–∫–æ–µ. –í—ã–ø—É—Å–∫ –æ—Ç 26.04.2023 (–ø–æ—Å–ª–µ–¥–Ω–∏–π –≤—ã–ø—É—Å–∫ —Å–µ–≥–æ–¥–Ω—è),2023-04-26 14:16:42+03:00,–†–∞–∑–≤–ª–µ—á–µ–Ω–∏—è
–¢–û–ü 5 –°–ê–ú–´–• –ù–ï–ü–†–ò–•–û–¢–õ–ò–í–´–• –ú–ù–û–ì–û–õ–ï–¢–ù–ò–ö–û–í.  –ü—Ä–æ–≤–µ—Ä–µ–Ω–æ –Ω–∞ –£—Ä–∞–ª–µ!,2023-07-07 10:33:55+03:00,–†–∞–∑–Ω–æ–µ
–î–µ–Ω—å –ó–∞ –î–Ω–µ–º 28.02.2024,2024-02-28 15:19:28+03:00,–¢–µ–ª–µ–ø–µ—Ä–µ–¥–∞—á–∏
"–ó–Ω–∞–∫–∏ —Å—É–¥—å–±—ã, 74 —Å–µ—Ä–∏—è. –ë—Ä–∞—Ç—å—è",2022-03-03 19:41:07+03:00,–¢–µ–ª–µ–ø–µ—Ä–µ–¥–∞—á–∏
–°–ê–ú–ê–Ø –°–¢–†–ê–®–ù–ê–Ø –î–ï–¢–°–ö–ê–Ø –ò–ì–†–ê –° –ì–û–í–û–†–Ø–©–ò–ú –°–£–ü–ï–† –ö–û–¢–û–ú #18  üê± Shady Part of Me üê± –¢–µ–º–Ω–∞—è —á–∞—Å—Ç—å –º–µ–Ω—è,2022-07-02 18:10:59+03:00,–î–µ—Ç—è–º
"–ü–ª–∞–º—è - ""–ù–∞ –¥–∞–ª—å–Ω–µ–π —Å—Ç–∞–Ω—Ü–∏–∏ —Å–æ–π–¥—É""",2023-03-07 17:04:13+03:00,–•–æ–±–±–∏
"–ö–∞–∫ —Å–Ω—è—Ç—å, –ª–µ–≥–∫–æ –∑–∞–º–µ–Ω–∏—Ç—å —Ä–∞–¥–∏–∞—Ç–æ—Ä –ø–µ—á–∫–∏ –Ω–∞ Toyota Rav4. –ü–æ–º–µ–Ω—è—Ç—å —Ä–∞–¥–∏–∞—Ç–æ—Ä –æ—Ç–æ–ø–∏—Ç–µ–ª—è",2023-09-02 16:25:25+03:00,–†–∞–∑–Ω–æ–µ
"14 —É–º–µ—Ä—à–∏—Ö –∞–∫—Ç–µ—Ä–æ–≤ —Å–µ—Ä–∏–∞–ª–∞ –î–ï–ù–¨ –†–û–ñ–î–ï–ù–ò–Ø –ë–£–†–ñ–£–Ø. –ê–∫—Ç–µ—Ä—ã —Å–µ—Ä–∏–∞–ª–∞, —É—à–µ–¥—à–∏–µ –∏–∑ –∂–∏–∑–Ω–∏",2023-08-23 14:10:24+03:00,–¢–µ–ª–µ–ø–µ—Ä–µ–¥–∞—á–∏
"–í–æ–µ–Ω–Ω—ã–µ —Ñ–∏–ª—å–º—ã, –∫–æ—Ç–æ—Ä—ã–µ —Å—Ç–æ–∏—Ç –ø–æ—Å–º–æ—Ç—Ä–µ—Ç—å.mp4",2022-04-03 19:31:30+03:00,–§–∏–ª—å–º—ã
"–ü–û–ö–£–ü–ê–Æ –ê–ë–û–í–ï–ù–£ –í–°–ï, –ß–¢–û –í–´–ü–ê–î–ï–¢ –° –°–ò–ú–£–õ–Ø–¢–û–†–ê –ö–ï–ô–°–û–í –≤ STANDOFF 2 0.23.0 !",2023-10-29 20:54:57+03:00,–†–∞–∑–Ω–æ–µ
–í–∏–¥–µ–æ –¥–ª—è –ö–æ—à–µ–∫ - –ú—É—Ö–∞ –Ω–∞ –û–∫–Ω–µ (–†–∞–∑–≤–ª–µ–∫–∏ —Å–≤–æ–µ–≥–æ –∫–æ—Ç–∞),2022-09-21 13:42:44+03:00,–ñ–∏–≤–æ—Ç–Ω—ã–µ
"–í–ü–† –º–∞—Ç–µ–º–∞—Ç–∏–∫–∞ 6 –∫–ª–∞—Å—Å. –ö1.–í1, –ó–∞–¥–∞–Ω–∏–µ 12",2023-12-17 01:34:53+03:00,–†–∞–∑–Ω–æ–µ
–ü—Ä–æ—Ç–æ–∫–æ–ª OSPF (Open Shortest Path First) –∑–∞ 8 –º–∏–Ω—É—Ç,2023-07-06 20:34:32+03:00,–†–∞–∑–Ω–æ–µ
–°–≤—è—Ç–æ—Å–ª–∞–≤ –õ–∏—Ç–≤–∏–Ω–æ–≤ –æ–± —É–ª—å—Ç—Ä–∞–∑–≤—É–∫–æ–≤—ã—Ö —É–≤–ª–∞–∂–Ω–∏—Ç–µ–ª—è—Ö –≤–æ–∑–¥—É—Ö–∞ | –ü–µ—Ä–≤—ã–π –∫–∞–Ω–∞–ª,2023-10-12 20:25:08+03:00,–¢–µ–ª–µ–ø–µ—Ä–µ–¥–∞—á–∏
"–ö—Ä–∞—Å–Ω–∞—è –ø–∞–ª–∞—Ç–∫–∞ (–¥—Ä–∞–º–∞, –∫–∞—Ç–∞—Å—Ç—Ä–æ—Ñ–∞ | 1 —Å–µ—Ä–∏—è | –†–µ–∂. –ú–∏—Ö–∞–∏–ª –ö–∞–ª–∞—Ç–æ–∑–æ–≤ | 1969)",2021-12-10 15:00:10+03:00,–§–∏–ª—å–º—ã
–ó–∏–º–æ—Ä–æ–¥–æ–∫,2024-02-20 13:11:56+03:00,–°–µ—Ä–∏–∞–ª—ã
"–ù–£, –ó–ê–Ø–¶, –ø–æ–≥–æ–¥–∏.. ))) (1)",2023-12-27 11:06:31+03:00,–†–∞–∑–≤–ª–µ—á–µ–Ω–∏—è
Willsenton R800i 300B 805: –∫–∏—Ç–∞–π—Å–∫–∏–π –ª–∞–º–ø–æ–≤—ã–π —É—Å–∏–ª–∏—Ç–µ–ª—å –¥–ª—è –∫–æ–ª–æ–Ω–æ–∫ –∑–∞ 10 –º–∏–ª–ª–∏–æ–Ω–æ–≤,2023-10-23 09:08:34+03:00,–¢–µ—Ö–Ω–∏–∫–∞ –∏ –æ–±–æ—Ä—É–¥–æ–≤–∞–Ω–∏–µ
–°–í–û–î–ö–êüî¥–†–æ—Å—Å–∏—è –Ω–∞ 3 –∫–º –ø–æ—Ä–≤–∞–ª–∞ —Ñ—Ä–æ–Ω—Ç —Å–µ–≤–µ—Ä–Ω–µ–µ –ù–æ–≤–æ–º–∏—Ö–∞–π–ª–æ–≤–∫–∏. –í–°–£ –ø–æ—Ç–µ—Ä—è–ª–∏ –ø–æ–∑–∏—Ü–∏–∏ –ø–æ–¥ –ö—É–ø—è–Ω—Å–∫–æ–º,2024-01-11 20:18:26+03:00,–†–∞–∑–Ω–æ–µ
"–î–æ–º 2 –û—Å—Ç—Ä–æ–≤ –ª—é–±–≤–∏, 1 —Å–µ–∑–æ–Ω, 130 —Å–µ—Ä–∏—è (09.03.2017)",2017-03-09 11:29:05+03:00,–¢–µ–ª–µ–ø–µ—Ä–µ–¥–∞—á–∏
–ø—É–¥–∂–∏–∫ –∂–æ—Å–∫–æ —Ç–∞–Ω—Ü—É–µ—Ç –ø–æ–¥ —Ñ–æ–Ω–∫,2022-11-13 20:12:31+03:00,–í–∏–¥–µ–æ–∏–≥—Ä—ã
–ü–æ—á–µ–º—É –Ω–∞ —Å–∞–º–æ–º –¥–µ–ª–µ –Ω–µ —Ö–æ—Ä–æ–Ω—è—Ç –õ–µ–Ω–∏–Ω–∞? ||||,2023-09-24 14:08:52+03:00,–†–∞–∑–Ω–æ–µ
–ö–∞–∫ –±—ã—Å—Ç—Ä–æ –∏ –≤–∫—É—Å–Ω–æ –ü–æ—Å–æ–ª–∏—Ç—å –ø–æ–º–∏–¥–æ—Ä—ã –ì–æ—Ç–æ–≤–∏–º –¥–æ–º–∞,2024-08-08 05:36:19+03:00,–ï–¥–∞
A Ram Sam Sam  √à Natale | Canzoni di Natale per Bambini | HeyKids Italiano,2023-12-05 16:00:15+03:00,–ú—É–ª—å—Ç—Ñ–∏–ª—å–º—ã
"""–û–¥–Ω–∞–∂–¥—ã..."": –∏–Ω—Ç–µ—Ä–≤—å—é –ê–ª–µ–∫—Å–∞–Ω–¥—Ä–∞ –†–æ–∑–µ–Ω–±–∞—É–º–∞, –≤–µ–ª–∏–∫–∞—è –ï–ª–µ–Ω–∞ –û–±—Ä–∞–∑—Ü–æ–≤–∞ –∏ –∏—Å—Ç–æ—Ä–∏—è –ê–Ω–¥—Ä–µ—è –ë—É—Ä–∫–æ–≤—Å–∫–æ–≥–æ",2020-10-25 15:14:21+03:00,–¢–µ–ª–µ–ø–µ—Ä–µ–¥–∞—á–∏
"–ö–ê–ö –í–´–ì–õ–Ø–î–ï–¢–¨ –î–û–†–û–ì–û. 5 –ø—Ä–∞–≤–∏–ª, –∫–∞–∫ –≤—ã–≥–ª—è–¥–µ—Ç—å –¥–æ—Ä–æ–≥–æ –º—É–∂—á–∏–Ω–µ. –°–æ–≤–µ—Ç—ã —Å—Ç–∏–ª–∏—Å—Ç–∞ –ø—Ä–æ –º—É–∂—Å–∫–æ–π —Å—Ç–∏–ª—å",2023-09-10 23:50:06+03:00,–†–∞–∑–Ω–æ–µ
–û—Å—Ç—Ä—ã–µ –∫–æ–∑—ã—Ä—å–∫–∏ —Å–µ–∑–æ–Ω 2 —Å–µ—Ä–∏—è 4 –ë–µ—Å–ø–ª–∞—Ç–Ω–æ / Peaky blinders season 2 episode 1,2024-03-02 14:24:19+03:00,–°–µ—Ä–∏–∞–ª—ã
–£—Å—Ç–∞–Ω–æ–≤–∫–∞ –±–∞–Ω–Ω–æ–π –ø–µ—á–∏ –≤ –±–∞–Ω–µ –Ω–∞ –≤–∏–Ω—Ç–æ–≤—ã—Ö —Å–≤–∞—è—Ö,2023-08-11 17:06:36+03:00,–†–∞–∑–Ω–æ–µ
–ù–∏–∫–∏—Ç–∞ –í–æ–ª–∫–æ–≤ –≤ —Ñ–∏–ª—å–º–µ –ß–µ—Ä–Ω–æ–≤–∏–∫,2019-02-03 02:16:05+03:00,–§–∏–ª—å–º—ã
–û—á–∏—â–µ–Ω–∏–µ –∏ –∏–∑–ª–µ—á–µ–Ω–∏–µ –≤—Å–µ–≥–æ –æ—Ä–≥–∞–Ω–∏–∑–º–∞ –∑–∞ 1 –º–∏–Ω—É—Ç—É!–ú–æ–ª–∏—Ç–≤–∞ ‚Äú–í—Å–µ—Ü–∞—Ä–∏—Ü–µ‚Äù.,2021-04-22 06:34:40+03:00,–≠–∑–æ—Ç–µ—Ä–∏–∫–∞
–ü–ª–æ—Ö–æ –≤—Å–∞—Å—ã–≤–∞–µ—Ç –ø—ã–ª–µ—Å–æ—Å Philips FC8474,2023-09-15 15:10:44+03:00,–†–∞–∑–Ω–æ–µ
–°—Ö–∏–∞—Ä—Ö–∏–º–∞–Ω–¥—Ä–∏—Ç –ì–µ–æ—Ä–≥–∏–π (–°–∞–≤–≤–∞). –ù–∞—Å—Ç–∞–≤–ª–µ–Ω–∏—è.,2023-07-10 16:30:51+03:00,–†–∞–∑–Ω–æ–µ
–ü–æ—Å—Ç–∞–Ω–æ–≤–∫–∞ –í–∞–∫—É—É–º–Ω—ã—Ö –±–∞–Ω–æ–∫ –≤ –ê–ª—å-–•–∏–¥–∂–∞–º–µ. –ó–æ–Ω–∞ ‚Ññ 1,2023-10-04 00:38:57+03:00,–†–∞–∑–Ω–æ–µ
1 –≤–ª–æ–≥ –ø—Ä–∏–≤–µ—Ç—Å—Ç–≤–∏–µ,2024-03-11 13:55:32+03:00,–õ–∞–π—Ñ—Å—Ç–∞–π–ª
"–£–∑–æ—Ä –±–µ–ª–æ–≥–æ –∏ —Å–∏–Ω–µ–≥–æ —Ü–≤–µ—Ç–æ–≤, –∑–∞–º–µ—á–∞—Ç–µ–ª—å–Ω—ã–∏ÃÜ —Ä–∏—Å—É–Ω–æ–∫",2024-03-09 11:44:22+03:00,–†–∞–∑–Ω–æ–µ
–ú–∞–π–∫–ª –î–∂–µ–π –§–æ–∫—Å –∏ –ö—Ä–∏—Å—Ç–æ—Ñ–µ—Ä –õ–ª–æ–π–¥ 20 –ª–µ—Ç —Å–ø—É—Å—Ç—è. –ù–∞–∑–∞–¥ –≤ –±—É–¥—É—â–µ–µ.,2022-04-19 09:48:35+03:00,–õ–∞–π—Ñ—Å—Ç–∞–π–ª
–í–∞–º–ø–∏—Ä—ã —Å—Ä–µ–¥–Ω–µ–π –ø–æ–ª–æ—Å—ã - –†—É—Å—Å–∫–∏–π —Ç—Ä–µ–π–ª–µ—Ä (1 —Å–µ–∑–æ–Ω) (HD),2023-02-14 22:57:06+03:00,–°–µ—Ä–∏–∞–ª—ã
–¢–∞–Ω—Ü—É–µ—Ç –≥—Ä—É–¥—å—é –ø–æ–¥ –º—É–∑—ã–∫—É –ú–æ—Ü–∞—Ä—Ç–∞  -167846047_20 –ü–û–î–ü–ò–°–ê–í–ê–ô–°–Ø,2018-06-18 03:16:29+03:00,–ú—É–∑—ã–∫–∞
–õ—É—á—à–∏–µ –í–∞–π–Ω—ã —Å –†–æ—Å—Ç–µ–π –Ω–∞ –ö–∞–Ω–∞–ª–µ –ú—ã –°–µ–º—å—è,2022-04-17 09:38:49+03:00,–†–∞–∑–≤–ª–µ—á–µ–Ω–∏—è
‚ù§pvp 1.16.5 | cluster pvp‚ù§,2023-12-17 09:48:08+03:00,–†–∞–∑–Ω–æ–µ
–ö—É–ø–∞–ª—å–Ω–∏–∫–∏ –°–°–°–†,2024-02-23 23:37:05+03:00,–†–∞–∑–≤–ª–µ—á–µ–Ω–∏—è
–ü–µ—Ä–µ—Å—É–¥ 2 —Å–µ–∑–æ–Ω 1(9) —Å–µ—Ä–∏—è (2022) –î–µ—Ç–µ–∫—Ç–∏–≤  –ü—Ä–µ–º—å–µ—Ä–∞ –ù–¢–í  –ê–Ω–æ–Ω—Å,2022-07-02 11:00:06+03:00,–°–µ—Ä–∏–∞–ª—ã
–Ø–†–ò–ö –∏ –ë–ï–ù–î–ò –≤—Å—Ç—É–ø–∞—é—Ç –≤ —Å–æ–æ–±—â–µ—Å—Ç–≤–æ –ë–µ–Ω–¥–∏ –ê–ú–ò–ù–û!,2018-04-04 18:18:09+03:00,–î–µ—Ç—è–º
–¶–∞—Ä—Å–∫–æ—Å–µ–ª—å—Å–∫–∏–π –ª–∏—Ü–µ–π –≥ –ü—É—à–∫–∏–Ω,2023-07-09 18:33:09+03:00,–†–∞–∑–Ω–æ–µ
(4K ÏÑ∏Î°úÎ£©Î∂Å) Î¨¥Í≤∞Ï†ê Î™∏Îß§ü§ç ÌôîÏù¥Ìä∏ ÎπÑÌÇ§Îãà Î£©Î∂Å bikini Lookbook Ïñ∏ÎçîÏõ®Ïñ¥ Î™®Îç∏ ÎûÄÏ†úÎ¶¨ Î£©Î∂Å ÏßÅÏ∫† Try On underwear Lookbook Î†àÏù¥Ïã±Î™®Îç∏ Ïû•ÎØ∏ ÏßÅÏ∫†,2023-02-04 08:06:05+03:00,–õ–∞–π—Ñ—Å—Ç–∞–π–ª
–ü—Ä–æ–≥—É–ª–∫–∞ –≥–æ—Ç–æ–≤—ã–π –≤–∞—Ä–∏–∞–Ω—Ç,2023-04-25 19:23:00+03:00,–ü—Å–∏—Ö–æ–ª–æ–≥–∏—è
–¢–æ–ø-10 —Ñ–∏–ª—å–º–æ–≤ —É–∂–∞—Å–æ–≤,2024-02-06 10:19:14+03:00,–§–∏–ª—å–º—ã
–ö–ê–ö –ó–ê–ë–õ–û–ö–ò–†–û–í–ê–¢–¨ –ß–ï–õ–û–í–ï–ö–ê –í –í–ê–¢–°–ê–ü–ï,2023-08-24 10:53:19+03:00,–¢–µ—Ö–Ω–æ–ª–æ–≥–∏–∏ –∏ –∏–Ω—Ç–µ—Ä–Ω–µ—Ç
üçÄ–ü–æ–∫—Ä—ã—Ç–∏–µ –∏–∑–¥–µ–ª–∏—è —Ñ–æ–Ω–æ–º #shorts,2024-03-09 20:33:04+03:00,–•–æ–±–±–∏
"7 –∫–ª–∞—Å—Å  –õ.–ë–µ—Ç—Ö–æ–≤–µ–Ω ""–°–æ–Ω–∞—Ç–∞ 8. –ü–∞—Ç–µ—Ç–∏—á–µ—Å–∫–∞—è 1  3 —á–∞—Å—Ç–∏"" –ê–≤—Ç–æ—Ä: –£—Ä–æ–∫–∏ –º—É–∑—ã–∫–∏",2023-04-01 17:33:42+03:00,–û–±—É—á–µ–Ω–∏–µ
–ù–∞—Ä–∞—â–∏–≤–∞–Ω–∏–µ —É–≥–æ–ª–∫–æ–≤ —Ä–µ—Å–Ω–∏—Ü,2023-10-05 12:36:04+03:00,–†–∞–∑–Ω–æ–µ
–í –•–∞–±–∞—Ä–æ–≤—Å–∫–µ –Ω–∞–≥—Ä–∞–¥–∏–ª–∏ –ø–æ–±–µ–¥–∏—Ç–µ–ª–µ–π –∫–æ–Ω–∫—É—Ä—Å–∞ ¬´–ú—ã ‚Äî –¥—Ä—É–∂–Ω–∞—è —Å–µ–º—å—è¬ª,2020-12-21 22:01:34+03:00,UNKNOWN
–ò–Ω–∫—É–±–∞—Ç–æ—Ä –ù–ï–°–£–®–ö–ê –Ω–∞ 63 —è–π—Ü–∞. –û–±–∑–æ—Ä. –ß—Ç–æ –º–Ω–µ –ø–æ–Ω—Ä–∞–≤–∏–ª–æ—Å—å.,2023-09-02 15:39:44+03:00,–†–∞–∑–Ω–æ–µ
"–ú—É–∫–¥–µ–Ω–∏—è –æ–±—ã–∫–Ω–æ–≤–µ–Ω–Ω—ã–π –ö–∞—Ä–∞—Å—É–±–∞ üåø –æ–±–∑–æ—Ä: –∫–∞–∫ —Å–∞–∂–∞—Ç—å, —Å–∞–∂–µ–Ω—Ü—ã –º—É–∫–¥–µ–Ω–∏–∏ –ö–∞—Ä–∞—Å—É–±–∞",2023-07-08 13:55:14+03:00,–†–∞–∑–Ω–æ–µ
–ú–ö - –ù–µ –±—É–¥–∏ –º–µ–Ω—è —è —Ä–∞–∑–æ–±—å—é —Ç–µ–±–µ –±—É–¥–∏–ª—å–Ω–∏–∫,2023-11-14 10:29:00+03:00,–†–∞–∑–Ω–æ–µ
–ê–ª—Ö–∏–º–∏—è –¥—É—à - 1 —Å–µ–∑–æ–Ω 1 —Å–µ—Ä–∏—è / Alchemy of Souls / Hwanhon,2024-01-24 15:44:06+03:00,–°–µ—Ä–∏–∞–ª—ã
–ü–∞–ª—ã—á –Ω–∞—à–µ–ª –≤–Ω—É—á–∫–∞ #–ª—é–±–∞–º–∏—Ä #–º—É–ª—å—Ç–∏–∫ #scrapmechanic #–º–∞–π–Ω–∫—Ä–∞—Ñ—Ç #–ø—Ä–∏–∫–æ–ª #—é–º–æ—Ä #roblox,2024-05-23 15:00:22+03:00,–í–∏–¥–µ–æ–∏–≥—Ä—ã
–ó–∞–≤–æ—Ä–∞–∂–∏–≤–∞—é—â–∞—è —Å–∫—Ä–∏–ø–∫–∞. –ö–ª–∞—Å—Å–∏–∫–∞. –®–µ–¥–µ–≤—Ä—ã.,2023-08-04 22:24:31+03:00,–ú—É–∑—ã–∫–∞
–∫–∞–∫ –ø–æ–º–µ–Ω—è—Ç—å —Ü–≤–µ—Ç —ç–∫—Ä–∞–Ω–∞ –Ω–∞ aegis Hiro 2,2023-09-11 10:51:31+03:00,–†–∞–∑–Ω–æ–µ
–¢—ã –∑–∞—Ç—Ä–æ–ª–ª–µ–Ω (–ù–µ –æ—Ä–∏–≥–∏–Ω–∞–ª),2022-03-28 10:45:32+03:00,–õ–∞–π—Ñ—Å—Ç–∞–π–ª
–ö–∞–∫ –ü–æ–º–µ–Ω—è—Ç—å –ü–∞—Ä–æ–ª—å –≤ –Ø–Ω–¥–µ–∫—Å –ü–æ—á—Ç–µ —Å –¢–µ–ª–µ—Ñ–æ–Ω–∞. –ö–∞–∫ –ø–æ–º–µ–Ω—è—Ç—å –ø–∞—Ä–æ–ª—å –≤ —è–Ω–¥–µ–∫—Å –ø–æ—á—Ç–µ,2023-09-15 17:10:48+03:00,–†–∞–∑–Ω–æ–µ
–®–≤–µ–π–Ω–∞—è –º–∞—à–∏–Ω–∞ KOHLER  53 –∫–ª–∞—Å—Å–∞ –æ–±–∑–æ—Ä.,2024-01-04 12:32:29+03:00,–†–∞–∑–Ω–æ–µ
–ö–†–ê–°–ò–í–ê–Ø –®–ê–ü–û–ß–ö–ê –° –ê–ñ–£–†–ù–´–ú –û–¢–í–û–†–û–¢–û–ú - –ú–ê–°–¢–ï–† –ö–õ–ê–°–° –°–ü–ò–¶–ê–ú–ò,2024-01-16 14:19:09+03:00,–•–æ–±–±–∏
–¢–∞–∫–∞—è —Å–ª–∞–¥–∫–∞—è –ª—é–±–æ–≤—å 1 —Å–µ–∑–æ–Ω 24 —Å–µ—Ä–∏—è,2024-03-01 02:02:23+03:00,–°–µ—Ä–∏–∞–ª—ã
–ó–∞ —Ç–µ—Ä—Ä–∏–∫–æ–Ω–∞–º–∏,2024-05-29 19:20:09+03:00,–ú—É–∑—ã–∫–∞
"18 –∑–∞–≥–∞–¥–æ–∫, –±–ª–∞–≥–æ–¥–∞—Ä—è –∫–æ—Ç–æ—Ä—ã–º —è —Å—Ç–∞–ª —Å–∞–º—ã–º —É–º–Ω—ã–º —É—á–µ–Ω–∏–∫–æ–º –≤ –∫–ª–∞—Å—Å–µ",2024-08-05 08:00:34+03:00,–õ–∞–π—Ñ—Ö–∞–∫–∏
–°—Ç–∞—è –°–æ–±–∞–∫ –ù–∞–ø–∞–ª–∞ –ù–∞ –ë–∞—Ä—Å–∞ / –°–ª—É—á–∞–∏ —Å –ñ–∏–≤–æ—Ç–Ω—ã–º–∏ –°–Ω—è—Ç—ã–µ –ù–∞ –ö–∞–º–µ—Ä—É,2024-03-14 09:25:15+03:00,–ñ–∏–≤–æ—Ç–Ω—ã–µ
–ú–µ–Ω—Ç–∞–ª–∏—Å—Ç / The Mentalist ‚Äì 3 —Å–µ–∑–æ–Ω 12 —Å–µ—Ä–∏—è,2023-12-09 14:09:11+03:00,–°–µ—Ä–∏–∞–ª—ã
"–ü–æ–∂–∏—Ä–∞—Ç–µ–ª—å –¥—É—à 12 —Å–µ—Ä–∏—è (–∞–Ω–∏–º–µ-—Å–µ—Ä–∏–∞–ª, 2008)",2024-08-08 14:10:33+03:00,–ê–Ω–∏–º–µ
"–ü–æ–∑–¥—Ä–∞–≤–ª–µ–Ω–∏–µ –∏–∑ –ê—Ñ—Ä–∏–∫–∏ —Å –¥–Ω—ë–º —Ä–æ–∂–¥–µ–Ω–∏—è, —é–±–∏–ª–µ–µ–º –∏ –ø–æ –ª—é–±–æ–º—É –ø–æ–≤–æ–¥—É",2023-12-12 03:44:31+03:00,–†–∞–∑–Ω–æ–µ
–ß—Ç–æ –∑–Ω–∞—á–∏—Ç —Ç—Ä–∏–≥–≥–µ—Ä–µ–¥? –ó–Ω–∞—á–µ–Ω–∏–µ –∏ –∏—Å—Ç–æ—Ä–∏—è –ø–æ—è–≤–ª–µ–Ω–∏—è –º–µ–º–∞ triggered,2023-10-28 13:34:14+03:00,–†–∞–∑–Ω–æ–µ
"–†–∞–±–∏–π–µ –ö—É—Ä–Ω–∞–∑ –ø—Ä–æ—Ç–∏–≤ –î–∂–æ—Ä–¥–∂–∞ –ë—É—à–∞ (—Ñ–∏–ª—å–º, 2022)",2024-01-15 01:45:38+03:00,–§–∏–ª—å–º—ã
–î–æ–º-2: –ü—Ä–∏—Ö–æ–¥ –Ω–æ–≤—ã—Ö —É—á–∞—Å—Ç–Ω–∏–∫–æ–≤ (28.05.2018),2018-06-05 19:03:50+03:00,–¢–µ–ª–µ–ø–µ—Ä–µ–¥–∞—á–∏
Kazantip dj - –∫–ª—É–±–Ω–∞—è –º—É–∑—ã–∫–∞,2012-10-29 22:35:45+03:00,UNKNOWN
–ù–∞—Å—Ç—Ä–æ–π–∫–∏ —ç—Ö–æ–ª–æ—Ç–∞ –ü—Ä–∞–∫—Ç–∏–∫ –≠—Ä 6 –ø—Ä–æ 2.–ö–∞–∫ –ø–æ–ª—å–∑–æ–≤–∞—Ç—å—Å—è —ç—Ö–æ–ª–æ—Ç–æ–º.,2023-08-01 12:07:35+03:00,–†–∞–∑–Ω–æ–µ
–û—á–∏—Å—Ç–∫–∞ —Å–∞–º–æ–≥–æ–Ω–∞ –º–∞—Ä–≥–∞–Ω—Ü–æ–≤–∫–æ–π,2022-07-05 09:43:18+03:00,–•–æ–±–±–∏
–ö–∞–∫ –ø–æ–¥–∫–ª—é—á–∏—Ç—å –¥–≤–∞ –Ω–∞—Å–æ—Å–∞ –Ω–∞ –æ–¥–Ω—É —Å–∫–≤–∞–∂–∏–Ω—É,2023-08-26 18:28:55+03:00,–†–∞–∑–Ω–æ–µ
–ö–∞–∫ —É—Å—Ç–∞–Ω–æ–≤–∏—Ç—å Rtrainsim. –ü–æ–¥—Ä–æ–±–Ω–∞—è –∏–Ω—Å—Ç—Ä—É–∫—Ü–∏—è,2021-10-06 12:56:48+03:00,–í–∏–¥–µ–æ–∏–≥—Ä—ã
–ü—Ä–æ—Å—Ç–∞—è –≤—ã–∫—Ä–æ–π–∫–∞ –Ω–æ—á–Ω–æ–π —Å–æ—Ä–æ—á–∫–∏  |  –í—ã–∫—Ä–æ–π–∫–∞ –¥–ª—è –Ω–∞—á–∏–Ω–∞—é—â–∏—Ö,2023-09-22 19:47:23+03:00,–†–∞–∑–Ω–æ–µ
"–ù–∞—Ç–∞–ª—å—è –§—Ä–∏—Å–∫–µ –ø–æ–∫–∞–∑–∞–ª–∞ —Ç—Ä–æ–≥–∞—Ç–µ–ª—å–Ω–æ–µ –≤–∏–¥–µ–æ, –Ω–∞ –∫–æ—Ç–æ—Ä–æ–º –¥–æ—á—å —Å–æ–±–∏—Ä–∞–µ—Ç—Å—è –≤ –¥–µ—Ç—Å–∫–∏–π —Å–∞–¥",2023-09-04 09:47:04+03:00,–õ–∞–π—Ñ—Å—Ç–∞–π–ª
–ö–æ—Ç –≤ —Å–∞–ø–æ–≥–∞—Ö: –ü–æ—Å–ª–µ–¥–Ω–µ–µ –∂–µ–ª–∞–Ω–∏–µ (2023) –¢—Ä–µ–π–ª–µ—Ä.,2023-01-08 07:00:06+03:00,–ú—É–ª—å—Ç—Ñ–∏–ª—å–º—ã
–Æ–Ω—ã–µ –∏–Ω—Å–ø–µ–∫—Ç–æ—Ä—ã –ü–î–î,2024-02-19 11:17:36+03:00,–û–±—É—á–µ–Ω–∏–µ
–ï–ì–û –ú–´–°–õ–ò –û –¢–ï–ë–ï –ó–ê –ü–û–°–õ–ï–î–ù–ò–ï 24 –ß–ê–°–ê? –¢–∞—Ä–æ –≥–∞–¥–∞–Ω–∏–µ,2024-01-21 18:50:58+03:00,–≠–∑–æ—Ç–µ—Ä–∏–∫–∞
"""–Ø –±–ª–∞–≥–æ–¥–∞—Ä–Ω–∞ –≤–∞–º –∑–∞ –ª—é–±–æ–≤—å –∫ —Ä—É—Å—Å–∫–æ–π –ø–µ—Å–Ω–µ"". –ü–µ–≤—Ü—ã –∏–∑ –ó–∞–º–±–∏–∏ –ø–æ–∫–æ—Ä–∏–ª–∏ –í–∞–ª–µ–Ω—Ç–∏–Ω—É –¢–∞–ª—ã–∑–∏–Ω—É 18.12.2022",2023-01-28 16:15:49+03:00,–ú—É–∑—ã–∫–∞
"–¢–µ—Å—Ç –¥–∏—Å–∫–æ–≤–æ–π –ø–∏–ª—ã –ò–Ω—Ç–µ—Ä—Å–∫–æ–ª –î–ü-190/1600–ú, –ø–∏–ª–∏–º —Ä–∞–∑–Ω—ã–µ –¥–æ—Å–∫–∏",2023-11-14 08:26:18+03:00,–°—Ç—Ä–æ–∏—Ç–µ–ª—å—Å—Ç–≤–æ –∏ —Ä–µ–º–æ–Ω—Ç
King's Bounty 2 –í—Å–µ–º–æ–≥—É—â–∏–π –ü–∞–ª–∞–¥–∏–Ω 6,2022-12-09 03:04:48+03:00,–í–∏–¥–µ–æ–∏–≥—Ä—ã
–ë–µ–¥—Ä–æ–∫–æ–≤—ã–π –ú–∏—Ä‚õîÔ∏è #minecraft #–º–∞–π–Ω–∫—Ä–∞—Ñ—Ç,2024-08-08 13:50:28+03:00,–í–∏–¥–µ–æ–∏–≥—Ä—ã
–ù–∞—Å –ü–†–ï–°–õ–ï–î–£–ï–¢ –•—ç–ª–ª–æ—É–∏–Ω!!!  –ö–û–®–ú–ê–† –≤ –†–ï–ê–õ–¨–ù–û–ô –ñ–∏–∑–Ω–∏! –ú—ã –ü–†–û–¢–ò–í!,2022-11-04 13:12:56+03:00,–†–∞–∑–≤–ª–µ—á–µ–Ω–∏—è
"–®–∞–ª—å–Ω–∞—è –ø—É–ª—è (—Ñ–∏–ª—å–º, 2020)",2023-12-01 23:14:19+03:00,–§–∏–ª—å–º—ã
–õ–µ–Ω–∞ –ö—É–∫–∞ - –≤—Ç–æ—Ä–∂–µ–Ω–∏–µ –∏–Ω–æ–ø–ª–∞–Ω–µ—Ç—è–Ω,2023-12-06 06:37:28+03:00,–†–∞–∑–Ω–æ–µ
"–ê–ö–£ –∏–∑ –º—É–ª—å—Ç—Å–µ—Ä–∏–∞–ª–∞ –°–∞–º—É—Ä–∞–π –î–∂–µ–∫  ( —Å–ø–æ—Å–æ–±–Ω–æ—Å—Ç–∏ , –∏—Å—Ç–æ—Ä–∏—è , —Ç–µ–æ—Ä–∏–∏ )",2023-08-07 23:39:17+03:00,–†–∞–∑–Ω–æ–µ
"–£–¥–∏–≤–∏—Ç–µ–ª—å–Ω–∞—è –º–∏—Å—Å–∏—Å –ú–µ–π–∑–µ–ª 1 —Å–µ–∑–æ–Ω 3 —Å–µ—Ä–∏—è ¬´–ü–æ—Ç–æ–º—É —á—Ç–æ —Ç—ã —É—à—ë–ª¬ª (—Å–µ—Ä–∏–∞–ª, 2017)",2023-11-19 23:39:35+03:00,–°–µ—Ä–∏–∞–ª—ã
–ú–ê–ú–û–ß–ö–ê –õ–Æ–ë–ò–ú–ê–Ø –ú–û–Ø - –ó–õ–ê–¢–ê –õ–£–ö–¨–Ø–ù–û–í–ê,2022-05-08 12:35:13+03:00,–ú—É–∑—ã–∫–∞
üí•–ê—Ä–º–µ–π—Å–∫–∏–µ - –Ø –∫–æ—Å—ã–Ω–∫—É –∑–∞–≤—è–∂—Éüí•cover by Google.bsk,2023-01-10 13:10:07+03:00,–ú—É–∑—ã–∫–∞
–ü–†–û–°–í–ï–†–õ–ò–õ–ò –ü–ï–©–ï–†–£ –î–û –ü–£–°–¢–´–ù–ò !  –û–ì–†–û–ú–ù–´–ô –°–õ–û–ù –•–û–ß–ï–¢ –°–™–ï–°–¢–¨ –ù–ê–° ! –û–¢–ö–†–´–õ–ò –ü–£–°–¢–´–ù–ù–´–ô –ú–ò–† –í ICARUS,2021-12-12 21:59:28+03:00,–í–∏–¥–µ–æ–∏–≥—Ä—ã
ASMR –ó–í–£–ö–ò –¢–ï–õ–ê,2024-04-12 15:36:18+03:00,–õ–∞–π—Ñ—Å—Ç–∞–π–ª
–û–¥–Ω–∞–∂–¥—ã –≤ –†–æ—Å—Å–∏–∏: LIL –î–æ–∂–¥—å & Young –ü–¢–ê–• - –õ–∏—á–Ω–æ—Å—Ç–Ω—ã–π —Ä–æ—Å—Ç,2020-05-13 18:12:38+03:00,–Æ–º–æ—Ä
–°–∏–ª—ã –≤ –ø—Ä–∏—Ä–æ–¥–µ. –ì—Ä–∞–≤–∏—Ç–∞—Ü–∏–æ–Ω–Ω–æ–µ –≤–∑–∞–∏–º–æ–¥–µ–π—Å—Ç–≤–∏–µ. –ó–∞–∫–æ–Ω –≤—Å–µ–º–∏—Ä–Ω–æ–≥–æ —Ç—è–≥–æ—Ç–µ–Ω–∏—è,2021-03-19 21:30:49+03:00,–û–±—É—á–µ–Ω–∏–µ
–ë—É–¥—å —Å—á–∞—Å—Ç–ª–∏–≤–∞! –ü—Ä–æ–µ–∫—Ç ProShow Producer —Å –¥–Ω–µ–º —Ä–æ–∂–¥–µ–Ω–∏—è –∂–µ–Ω—â–∏–Ω–µ,2022-03-27 10:44:56+03:00,–•–æ–±–±–∏
–ö–∞–∫ –ø–æ—Å—Ç–∞–≤–∏—Ç—å —Ä—É—Å—Å–∫—É—é –æ–∑–≤—É—á–∫—É –≤ –í–µ–¥—å–º–∞–∫ 3 –Ω–∞ PS4?,2023-09-22 18:41:02+03:00,–†–∞–∑–Ω–æ–µ
–í–∞—Ä–∏–∫–æ–∑ –Ω–∞ –ù–æ–≥–∞—Ö –õ–µ—á–µ–Ω–∏–µ. –ë—ã—Å—Ç—Ä–∞—è –î–∏–∞–≥–Ω–æ—Å—Ç–∏–∫–∞ –í–∞—Ä–∏–∫–æ–∑–∞,2019-11-06 15:48:21+03:00,UNKNOWN
–ú–æ—ë 1 —Å–µ–∑–æ–Ω 15 —Å–µ—Ä–∏—è,2024-02-25 22:42:45+03:00,–°–µ—Ä–∏–∞–ª—ã
"Shinglas - –º–æ–Ω—Ç–∞–∂ –≥–∏–±–∫–æ–π —á–µ—Ä–µ–ø–∏—Ü—ã, –≤–∏–¥–µ–æ–∏–Ω—Å—Ç—Ä—É–∫—Ü–∏—è",2023-08-21 14:42:08+03:00,–†–∞–∑–Ω–æ–µ
–°—Ç–∏—Ä–∞–ª—å–Ω–∞—è –º–∞—à–∏–Ω–∞ BOSCH –æ—à–∏–±–∫–∞ –ï 29. –ù–µ –∑–∞–∫—Ä—ã–≤–∞–µ—Ç—Å—è –¥–≤–µ—Ä—Ü–∞ —Å—Ç–∏—Ä–∞–ª—å–Ω–æ–π –º–∞—à–∏–Ω—ã,2023-08-19 18:00:09+03:00,–†–∞–∑–Ω–æ–µ
–°—Ç–∞–ø–µ–¥–æ–ø–ª–∞—Å—Ç–∏–∫–∞,2023-11-08 15:35:52+03:00,–†–∞–∑–Ω–æ–µ
–ë–æ—Ä–æ–¥–∏–Ω–∞ –ø—Ä–æ—Ç–∏–≤ –ë—É–∑–æ–≤–æ–π: –ú–æ–π –º—É–∂ –Ω–µ —Ç—Ä—É—Å!,2020-02-03 11:19:42+03:00,–¢–µ–ª–µ–ø–µ—Ä–µ–¥–∞—á–∏
–ò–Ω—Ç–µ—Ä–≤—å—é —Å —ç–∫—Å–ø–µ—Ä—Ç–æ–º –ø–æ –ø–ª–∞—Å—Ç–∏–∫–æ–≤—ã–º –æ–∫–Ω–∞–º –î–º–∏—Ç—Ä–∏–µ–º –ï—Ñ—Ä–µ–º–æ–≤—ã–º,2023-05-19 11:04:49+03:00,–¢–µ—Ö–Ω–∏–∫–∞ –∏ –æ–±–æ—Ä—É–¥–æ–≤–∞–Ω–∏–µ
–í—Å—è –ø—Ä–µ–ª–µ—Å—Ç—å —Ä—É—Å—Å–∫–∏—Ö —Å—Ç—Ä–æ–π–Ω—ã—Ö –¥–µ–≤—É—à–µ–∫ –Ω–∞ –≤—ã—Å–æ–∫–∏—Ö –∫–∞–±–ª—É–∫–∞—Ö!,2023-08-03 10:06:38+03:00,–†–∞–∑–Ω–æ–µ
–ß–µ–ª—é—Å—Ç–∏. –ö—Ä–æ–≤–∞–≤—ã–π —Ä–∏—Ñ,2024-06-28 12:32:28+03:00,–§–∏–ª—å–º—ã
227542,2016-06-28 15:30:00+03:00,–†–∞–∑–Ω–æ–µ
–°–Ω–µ–≥–æ—É–±–æ—Ä—â–∏–∫ Champion 656. –ü–µ—Ä–≤—ã–µ –≤–ø–µ—á–∞—Ç–ª–µ–Ω–∏—è. –ß–∏—â—É —É—á–∞—Å—Ç–æ–∫.,2023-08-22 12:07:33+03:00,–†–∞–∑–Ω–æ–µ
"–ü–ï–†–ï–ú–ï–¢ –ù–ê –•–ò–©–ù–ò–ö–ê, –°–í–û–ò–ú–ò –†–£–ö–ê–ú–ò,",2023-11-03 07:18:33+03:00,–†–∞–∑–Ω–æ–µ
–ê—Ç–µ—Ä–æ–º–∞ —è–≥–æ–¥–∏—á–Ω–æ–π –æ–±–ª–∞—Å—Ç–∏. –û–ø–µ—Ä–∞—Ü–∏—è.,2023-11-02 04:41:54+03:00,–û–±—É—á–µ–Ω–∏–µ
"–î–∏–∞–Ω–∞ –ì–£–†–¶–ö–ê–Ø - –¢–´ –ó–ù–ê–ï–®–¨, –ú–ê–ú–ê",2014-12-06 11:12:02+03:00,–ú—É–∑—ã–∫–∞
xDuoo X10T II: —Ü–∏—Ñ—Ä–æ–≤–æ–π –ø–ª–µ–µ—Ä –¥–ª—è –≤–∞—à–µ–π –∞—É–¥–∏–æ—Å–∏—Å—Ç–µ–º—ã,2021-09-13 20:59:12+03:00,–¢–µ—Ö–Ω–∏–∫–∞ –∏ –æ–±–æ—Ä—É–¥–æ–≤–∞–Ω–∏–µ
–°–ö–ê–ó–ö–ò –î–ï–î–£–®–ö–ò –ï–†–Å–ú–´ - –ö–û–õ–û–ë–û–ö ‚ù§Ô∏è ‚ô´ –°–õ–£–®–ê–ï–ú –î–û–ë–†–´–ï –°–ö–ê–ó–ö–ò –î–õ–Ø –°–ê–ú–´–• –ú–ê–õ–ï–ù–¨–ö–ò–• üå∫  0+,2023-12-22 04:24:41+03:00,–†–∞–∑–Ω–æ–µ
Bad Boys Blue - You're A Woman,2022-03-15 10:28:30+03:00,–ú—É–∑—ã–∫–∞
"–û—á–µ–≤–∏–¥—Ü—ã, 24 —Å–µ—Ä–∏—è. –ò—Å—á–µ–∑–Ω—É–≤—à–∞—è",2020-12-23 17:50:22+03:00,–¢–µ–ª–µ–ø–µ—Ä–µ–¥–∞—á–∏
"–†–µ–Ω–æ –õ–æ–≥–∞–Ω 2 –Ω–µ –∑–∞–≤–æ–¥–∏—Ç—Å—è —Å –∫–ª—é—á–∞, –Ω–µ –∫—Ä—É—Ç–∏—Ç —Å—Ç–∞—Ä—Ç–µ—Ä. –ù–µ —Ä–∞–±–æ—Ç–∞—é—Ç –∫–Ω–æ–ø–∫–∏ –Ω–∞ –∫–ª—é—á–µ.",2023-11-18 09:20:19+03:00,–†–∞–∑–Ω–æ–µ
–•–æ–¥—è—á–∏–µ –º–µ—Ä—Ç–≤–µ—Ü—ã: –ú–µ—Ä—Ç–≤—ã–π –≥–æ—Ä–æ–¥ 1 —Å–µ–∑–æ–Ω 1 —Å–µ—Ä–∏—è –ü–†–û–ú–û!,2023-10-22 17:43:35+03:00,–°–µ—Ä–∏–∞–ª—ã
–ü–∏–ª–æ—Ä–∞–º–∞ –∏–∑ –¥–∏—Å–∫–æ–≤–æ–π –ø–∏–ª—ã —Å–≤–æ–∏–º–∏ —Ä—É–∫–∞–º–∏,2023-09-02 23:19:06+03:00,–†–∞–∑–Ω–æ–µ
–†–æ–∑–∞ –î–∞–±–ª –î–µ–ª–∞–π—Ç (Double Delight) ‚Äî –≤—ã—Ä–∞—â–∏–≤–∞–Ω–∏–µ –¥–µ–∫–æ—Ä–∞—Ç–∏–≤–Ω–æ–≥–æ –∫—É—Å—Ç–∞—Ä–Ω–∏–∫–∞,2023-08-24 12:32:07+03:00,–†–∞–∑–Ω–æ–µ
–í–∏–¥—ã —Ç—Ä–µ—â–æ—Ç–æ—á–Ω—ã—Ö –∫–ª—é—á–µ–π –î–µ–ª–æ –¢–µ—Ö–Ω–∏–∫–∏,2022-04-11 14:11:13+03:00,–¢–µ—Ö–Ω–∏–∫–∞ –∏ –æ–±–æ—Ä—É–¥–æ–≤–∞–Ω–∏–µ
Night music // night vibe // –º—É–∑—ã–∫–∞ —Å –Ω–æ—á–Ω—ã–º –≤–∞–π–±–æ–º // —ç—Å—Ç–µ—Ç–∏—á–Ω–∞—è –º—É–∑—ã–∫–∞,2022-08-29 21:30:53+03:00,–ú—É–∑—ã–∫–∞
Tecno Pova 6 Pro –æ–±–∑–æ—Ä —Ö–∞—Ä–∞–∫—Ç–µ—Ä–∏—Å—Ç–∏–∫,2024-02-22 17:10:56+03:00,–ê–≤—Ç–æ-–º–æ—Ç–æ
10 –ü—É–≥–∞—é—â–∏—Ö –¢–µ–æ—Ä–∏–π –æ –¢–µ–ª–µ–ø—É–∑–∏–∫–∞—Ö _ –°—Ç—Ä–∞—à–Ω—ã–µ –¢–µ–æ—Ä–∏–∏ _ GAZ.mp4,2023-07-04 22:24:40+03:00,–†–∞–∑–≤–ª–µ—á–µ–Ω–∏—è
"–ê–∫—Ç—ë—Ä –¶—É—Ä–∫–∞–Ω –æ —Ç–æ–º, –∫–∞–∫ –æ–Ω —É–±–µ–∂–¥–∞–ª —É–∫—Ä–∞–∏–Ω—Ü–µ–≤ –≤ –ø—Ä–∞–≤–æ—Ç–µ –†–æ—Å—Å–∏–∏ –∏ –∫–∞–∫ —Å–±—Ä–æ—Å–∏—Ç—å –¥—å—è–≤–æ–ª—å—Å–∫–æ–µ –Ω–∞–≤–∞–∂–¥–µ–Ω–∏–µ",2024-03-21 22:47:42+03:00,–ò–Ω—Ç–µ—Ä–≤—å—é
–ü–∞–ø–∞ –†–û–ë –∏ –Ø–†–ò–ö –∏–≥—Ä–∞—é—Ç –≤ –ü–û–ï–ó–î–ê! –°—Ç—Ä–æ–∏–º –∂–µ–ª–µ–∑–Ω—É—é –¥–æ—Ä–æ–≥—É!,2019-10-11 19:19:08+03:00,–î–µ—Ç—è–º
Technotronic & Fancy - Moskow's Calling Remix 2024 (VJ Aux),2024-08-02 15:17:15+03:00,–°–µ—Ä–∏–∞–ª—ã
–Ø –∏–¥–µ–Ω—Ç–∏—Ñ–∏—Ü–∏—Ä—É—é —Å–µ–±—è –∫–∞–∫ –±–æ–µ–≤–æ–π –≤–µ—Ä—Ç–æ–ª—ë—Ç Apache!,2023-09-08 13:19:21+03:00,–†–∞–∑–Ω–æ–µ
–ê—Ä–µ–Ω–¥–∞ –∫–≤–∞—Ä—Ç–∏—Ä—ã –∏–ª–∏ –¥–æ–º–∞ –≤ –ï–≥–∏–ø—Ç–µ. –ö–∞–∫ –≤—ã–±—Ä–∞—Ç—å –¥–æ–º –≤ –ï–≥–∏–ø—Ç–µ 2 —á–∞—Å—Ç—å /–°–µ–º—å—è –°–∞–≤–µ—Ä—á–µ–Ω–∫–æ,2023-09-27 17:46:26+03:00,–†–∞–∑–Ω–æ–µ
–û–±–∑–æ—Ä —É–º–Ω—ã—Ö —á–∞—Å–æ–≤ HONOR Watch 4. –ì–æ–¥–Ω–æ—Ç–∞ –∑–∞ —Ä–∞–∑—É–º–Ω—ã–µ –¥–µ–Ω—å–≥–∏?,2024-04-12 13:34:20+03:00,–¢–µ—Ö–Ω–æ–ª–æ–≥–∏–∏ –∏ –∏–Ω—Ç–µ—Ä–Ω–µ—Ç
–≠–¢–ê –¢–ï–•–ù–û–õ–û–ì–ò–Ø –ò–ó–ú–ï–ù–ò–¢ –ú–ò–†?,2020-12-22 13:39:51+03:00,–ù–∞—É–∫–∞
"–°–ø–∞—Å–∏ —Å–≤–æ—é –ª—é–±–æ–≤—å, 1 —Å–µ–∑–æ–Ω, 83 –≤—ã–ø—É—Å–∫ (27.05.2019)",2019-05-27 16:51:24+03:00,–¢–µ–ª–µ–ø–µ—Ä–µ–¥–∞—á–∏
–ö–∞–∫ —Ä–∞–∑–æ–±—Ä–∞—Ç—å –æ–¥–Ω–æ—Ä–∞–∑–∫—É Vapengin 5500,2023-11-17 02:21:51+03:00,–†–∞–∑–Ω–æ–µ
"–®—å—ë–º –º–∞–ª–µ–Ω—å–∫—É—é –¥–∂–∏–Ω—Å–æ–≤—É—é —Å—É–º–∫—É —á–µ—Ä–µ–∑ –ø–ª–µ—á–æ. –°—É–º–∫–∞ ""–ú–∞–ª—ã—à–∫–∞"".",2023-04-11 17:50:30+03:00,–•–æ–±–±–∏
–õ—è–≥—É—à–æ–Ω–æ–∫,2021-06-26 18:48:03+03:00,–ú—É–∑—ã–∫–∞
–ó–ª–æ–π —Ö–æ–∑—è–∏–Ω –ø—Ä–∏–µ—Ö–∞–ª –∫ –Ω–∞–º,2022-12-03 18:11:02+03:00,–õ–∞–π—Ñ—Å—Ç–∞–π–ª
